#pragma once
#include <Arduino.h>

// Native-size 1bpp UTF-8 font atlases for ASCII + Vietnamese.
// Each UI size is rasterized independently; glyph pixels are never enlarged at runtime.
struct VietnameseGlyph { uint32_t codepoint; uint32_t offset; uint8_t width; uint8_t advance; uint8_t rowBytes; };

constexpr uint8_t VI_FONT_1_HEIGHT = 12;
constexpr uint16_t VI_FONT_1_GLYPH_COUNT = 229;
static const uint8_t VI_FONT_1_BITMAP[] PROGMEM = {
  0x00, 0x00, 0x00, 0x00, 0x00, 0x00, 0x00, 0x00, 0x00, 0x00, 0x00, 0x00, 0x00, 0x00, 0x00, 0x40, 0x40, 0x40,
  0x40, 0x40, 0x00, 0x40, 0x00, 0x00, 0x00, 0x00, 0x00, 0xA0, 0xA0, 0x00, 0x00, 0x00, 0x00, 0x00, 0x00, 0x00,
  0x00, 0x00, 0x00, 0x48, 0x48, 0xF8, 0x50, 0xF8, 0x90, 0x90, 0x00, 0x00, 0x00, 0x00, 0x20, 0x70, 0xA0, 0xA0,
  0x60, 0x30, 0xB0, 0x60, 0x20, 0x00, 0x00, 0x00, 0x00, 0xE4, 0xA4, 0xA8, 0xEF, 0x15, 0x25, 0x27, 0x00, 0x00,
  0x00, 0x00, 0x00, 0x18, 0x28, 0x28, 0x30, 0x4C, 0x48, 0x34, 0x00, 0x00, 0x00, 0x00, 0x00, 0x80, 0x80, 0x00,
  0x00, 0x00, 0x00, 0x00, 0x00, 0x00, 0x00, 0x00, 0x00, 0x40, 0x80, 0x80, 0x80, 0x80, 0x80, 0x80, 0x80, 0x40,
  0x00, 0x00, 0x00, 0x40, 0x20, 0x20, 0x20, 0x20, 0x20, 0x20, 0x20, 0x40, 0x00, 0x00, 0x00, 0x40, 0xE0, 0x40,
  0xA0, 0x00, 0x00, 0x00, 0x00, 0x00, 0x00, 0x00, 0x00, 0x00, 0x20, 0x20, 0xF8, 0x20, 0x20, 0x00, 0x00, 0x00,
  0x00, 0x00, 0x00, 0x00, 0x00, 0x00, 0x00, 0x00, 0x00, 0x40, 0x40, 0x00, 0x00, 0x00, 0x00, 0x00, 0x00, 0x00,
  0x00, 0xC0, 0x00, 0x00, 0x00, 0x00, 0x00, 0x00, 0x00, 0x00, 0x00, 0x00, 0x00, 0x00, 0x00, 0x40, 0x00, 0x00,
  0x00, 0x00, 0x00, 0x20, 0x20, 0x40, 0x40, 0x40, 0x80, 0x80, 0x00, 0x00, 0x00, 0x00, 0x00, 0x60, 0x90, 0x90,
  0x90, 0x90, 0x90, 0x60, 0x00, 0x00, 0x00, 0x00, 0x00, 0x20, 0x60, 0xA0, 0x20, 0x20, 0x20, 0x20, 0x00, 0x00,
  0x00, 0x00, 0x00, 0x60, 0x90, 0x10, 0x20, 0x40, 0x80, 0xF0, 0x00, 0x00, 0x00, 0x00, 0x00, 0x60, 0x90, 0x10,
  0x60, 0x10, 0x90, 0x60, 0x00, 0x00, 0x00, 0x00, 0x00, 0x10, 0x30, 0x50, 0x50, 0x90, 0xF8, 0x10, 0x00, 0x00,
  0x00, 0x00, 0x00, 0x70, 0x40, 0xE0, 0x10, 0x10, 0x90, 0x60, 0x00, 0x00, 0x00, 0x00, 0x00, 0x60, 0x90, 0x80,
  0xE0, 0x90, 0x90, 0x60, 0x00, 0x00, 0x00, 0x00, 0x00, 0xF0, 0x10, 0x20, 0x20, 0x40, 0x40, 0x40, 0x00, 0x00,
  0x00, 0x00, 0x00, 0x60, 0x90, 0x90, 0x60, 0x90, 0x90, 0x60, 0x00, 0x00, 0x00, 0x00, 0x00, 0x60, 0x90, 0x90,
  0x70, 0x10, 0x90, 0x60, 0x00, 0x00, 0x00, 0x00, 0x00, 0x00, 0x00, 0x40, 0x00, 0x00, 0x00, 0x40, 0x00, 0x00,
  0x00, 0x00, 0x00, 0x00, 0x00, 0x40, 0x00, 0x00, 0x00, 0x40, 0x40, 0x00, 0x00, 0x00, 0x00, 0x00, 0x10, 0x60,
  0x80, 0x60, 0x10, 0x00, 0x00, 0x00, 0x00, 0x00, 0x00, 0x00, 0x00, 0xF0, 0x00, 0xF0, 0x00, 0x00, 0x00, 0x00,
  0x00, 0x00, 0x00, 0x00, 0x80, 0x60, 0x10, 0x60, 0x80, 0x00, 0x00, 0x00, 0x00, 0x00, 0x00, 0x70, 0x88, 0x08,
  0x10, 0x20, 0x00, 0x20, 0x00, 0x00, 0x00, 0x00, 0x00, 0x00, 0x00, 0x00, 0x1E, 0x00, 0x61, 0x00, 0x5E, 0x80,
  0xA4, 0x80, 0xA4, 0x80, 0xA5, 0x00, 0x9E, 0x00, 0x41, 0x80, 0x3E, 0x00, 0x00, 0x00, 0x00, 0x20, 0x50, 0x50,
  0x50, 0x70, 0x88, 0x88, 0x00, 0x00, 0x00, 0x00, 0x00, 0x78, 0x44, 0x44, 0x78, 0x44, 0x44, 0x78, 0x00, 0x00,
  0x00, 0x00, 0x00, 0x38, 0x44, 0x40, 0x40, 0x40, 0x44, 0x38, 0x00, 0x00, 0x00, 0x00, 0x00, 0x78, 0x44, 0x44,
  0x44, 0x44, 0x44, 0x78, 0x00, 0x00, 0x00, 0x00, 0x00, 0x78, 0x40, 0x40, 0x78, 0x40, 0x40, 0x78, 0x00, 0x00,
  0x00, 0x00, 0x00, 0x78, 0x40, 0x40, 0x78, 0x40, 0x40, 0x40, 0x00, 0x00, 0x00, 0x00, 0x00, 0x38, 0x44, 0x40,
  0x4C, 0x44, 0x44, 0x38, 0x00, 0x00, 0x00, 0x00, 0x00, 0x44, 0x44, 0x44, 0x7C, 0x44, 0x44, 0x44, 0x00, 0x00,
  0x00, 0x00, 0x00, 0x40, 0x40, 0x40, 0x40, 0x40, 0x40, 0x40, 0x00, 0x00, 0x00, 0x00, 0x00, 0x10, 0x10, 0x10,
  0x10, 0x10, 0x90, 0x60, 0x00, 0x00, 0x00, 0x00, 0x00, 0x44, 0x48, 0x50, 0x68, 0x48, 0x44, 0x44, 0x00, 0x00,
  0x00, 0x00, 0x00, 0x40, 0x40, 0x40, 0x40, 0x40, 0x40, 0x78, 0x00, 0x00, 0x00, 0x00, 0x00, 0x44, 0x6C, 0x6C,
  0x6C, 0x54, 0x54, 0x54, 0x00, 0x00, 0x00, 0x00, 0x00, 0x44, 0x64, 0x64, 0x54, 0x4C, 0x4C, 0x44, 0x00, 0x00,
  0x00, 0x00, 0x00, 0x38, 0x44, 0x44, 0x44, 0x44, 0x44, 0x38, 0x00, 0x00, 0x00, 0x00, 0x00, 0x70, 0x48, 0x48,
  0x70, 0x40, 0x40, 0x40, 0x00, 0x00, 0x00, 0x00, 0x00, 0x38, 0x44, 0x44, 0x44, 0x54, 0x4C, 0x38, 0x04, 0x00,
  0x00, 0x00, 0x00, 0x78, 0x44, 0x44, 0x78, 0x48, 0x48, 0x44, 0x00, 0x00, 0x00, 0x00, 0x00, 0x30, 0x48, 0x40,
  0x30, 0x08, 0x48, 0x30, 0x00, 0x00, 0x00, 0x00, 0x00, 0xF8, 0x20, 0x20, 0x20, 0x20, 0x20, 0x20, 0x00, 0x00,
  0x00, 0x00, 0x00, 0x44, 0x44, 0x44, 0x44, 0x44, 0x44, 0x38, 0x00, 0x00, 0x00, 0x00, 0x00, 0x84, 0x84, 0x48,
  0x48, 0x48, 0x30, 0x30, 0x00, 0x00, 0x00, 0x00, 0x00, 0x00, 0x00, 0x00, 0x88, 0x80, 0x88, 0x80, 0x55, 0x00,
  0x55, 0x00, 0x55, 0x00, 0x22, 0x00, 0x22, 0x00, 0x00, 0x00, 0x00, 0x00, 0x00, 0x00, 0x00, 0x48, 0x48, 0x30,
  0x10, 0x30, 0x48, 0x48, 0x00, 0x00, 0x00, 0x00, 0x00, 0x44, 0x44, 0x28, 0x10, 0x10, 0x10, 0x10, 0x00, 0x00,
  0x00, 0x00, 0x00, 0x78, 0x08, 0x10, 0x20, 0x20, 0x40, 0x78, 0x00, 0x00, 0x00, 0x00, 0x00, 0x60, 0x40, 0x40,
  0x40, 0x40, 0x40, 0x40, 0x40, 0x60, 0x00, 0x00, 0x00, 0x80, 0x80, 0x40, 0x40, 0x40, 0x20, 0x20, 0x00, 0x00,
  0x00, 0x00, 0x00, 0xC0, 0x40, 0x40, 0x40, 0x40, 0x40, 0x40, 0x40, 0xC0, 0x00, 0x00, 0x00, 0x60, 0x60, 0x90,
  0x00, 0x00, 0x00, 0x00, 0x00, 0x00, 0x00, 0x00, 0x00, 0x00, 0x00, 0x00, 0x00, 0x00, 0x00, 0x00, 0x00, 0xF8,
  0x00, 0x00, 0x00, 0x80, 0x40, 0x00, 0x00, 0x00, 0x00, 0x00, 0x00, 0x00, 0x00, 0x00, 0x00, 0x00, 0x00, 0xE0,
  0x10, 0x70, 0x90, 0x70, 0x00, 0x00, 0x00, 0x00, 0x00, 0x80, 0x80, 0xF0, 0x88, 0x88, 0x88, 0xF0, 0x00, 0x00,
  0x00, 0x00, 0x00, 0x00, 0x00, 0x60, 0x90, 0x80, 0x90, 0x60, 0x00, 0x00, 0x00, 0x00, 0x00, 0x08, 0x08, 0x78,
  0x88, 0x88, 0x88, 0x78, 0x00, 0x00, 0x00, 0x00, 0x00, 0x00, 0x00, 0x60, 0x90, 0xF0, 0x80, 0x70, 0x00, 0x00,
  0x00, 0x00, 0x00, 0x60, 0x40, 0xE0, 0x40, 0x40, 0x40, 0x40, 0x00, 0x00, 0x00, 0x00, 0x00, 0x00, 0x00, 0x78,
  0x88, 0x88, 0x88, 0x78, 0x88, 0x70, 0x00, 0x00, 0x00, 0x80, 0x80, 0xF0, 0x88, 0x88, 0x88, 0x88, 0x00, 0x00,
  0x00, 0x00, 0x00, 0x80, 0x00, 0x80, 0x80, 0x80, 0x80, 0x80, 0x00, 0x00, 0x00, 0x00, 0x00, 0x40, 0x00, 0x40,
  0x40, 0x40, 0x40, 0x40, 0x40, 0xC0, 0x00, 0x00, 0x00, 0x80, 0x80, 0x90, 0xA0, 0xE0, 0x90, 0x90, 0x00, 0x00,
  0x00, 0x00, 0x00, 0x80, 0x80, 0x80, 0x80, 0x80, 0x80, 0x80, 0x00, 0x00, 0x00, 0x00, 0x00, 0x00, 0x00, 0xEC,
  0x92, 0x92, 0x92, 0x92, 0x00, 0x00, 0x00, 0x00, 0x00, 0x00, 0x00, 0xF0, 0x88, 0x88, 0x88, 0x88, 0x00, 0x00,
  0x00, 0x00, 0x00, 0x00, 0x00, 0x70, 0x88, 0x88, 0x88, 0x70, 0x00, 0x00, 0x00, 0x00, 0x00, 0x00, 0x00, 0xF0,
  0x88, 0x88, 0x88, 0xF0, 0x80, 0x80, 0x00, 0x00, 0x00, 0x00, 0x00, 0x78, 0x88, 0x88, 0x88, 0x78, 0x08, 0x08,
  0x00, 0x00, 0x00, 0x00, 0x00, 0xE0, 0x80, 0x80, 0x80, 0x80, 0x00, 0x00, 0x00, 0x00, 0x00, 0x00, 0x00, 0x70,
  0x80, 0x60, 0x10, 0xE0, 0x00, 0x00, 0x00, 0x00, 0x00, 0x40, 0x40, 0xE0, 0x40, 0x40, 0x40, 0x60, 0x00, 0x00,
  0x00, 0x00, 0x00, 0x00, 0x00, 0x88, 0x88, 0x88, 0x88, 0x78, 0x00, 0x00, 0x00, 0x00, 0x00, 0x00, 0x00, 0x48,
  0x48, 0x48, 0x30, 0x30, 0x00, 0x00, 0x00, 0x00, 0x00, 0x00, 0x00, 0x92, 0x54, 0x54, 0x28, 0x28, 0x00, 0x00,
  0x00, 0x00, 0x00, 0x00, 0x00, 0x48, 0x30, 0x30, 0x30, 0x48, 0x00, 0x00, 0x00, 0x00, 0x00, 0x00, 0x00, 0x88,
  0x50, 0x50, 0x50, 0x20, 0x20, 0xC0, 0x00, 0x00, 0x00, 0x00, 0x00, 0xF0, 0x20, 0x40, 0x80, 0xF0, 0x00, 0x00,
  0x00, 0x00, 0x00, 0x70, 0x40, 0x40, 0x40, 0x80, 0x40, 0x40, 0x40, 0x70, 0x00, 0x00, 0x00, 0x40, 0x40, 0x40,
  0x40, 0x40, 0x40, 0x40, 0x40, 0x00, 0x00, 0x00, 0x00, 0xE0, 0x20, 0x20, 0x20, 0x10, 0x20, 0x20, 0x20, 0xE0,
  0x00, 0x00, 0x00, 0x00, 0x00, 0x00, 0x68, 0x90, 0x00, 0x00, 0x00, 0x00, 0x00, 0x40, 0x20, 0x20, 0x50, 0x50,
  0x50, 0x70, 0x88, 0x88, 0x00, 0x00, 0x00, 0x10, 0x20, 0x20, 0x50, 0x50, 0x50, 0x70, 0x88, 0x88, 0x00, 0x00,
  0x00, 0x20, 0x50, 0x20, 0x50, 0x50, 0x50, 0x70, 0x88, 0x88, 0x00, 0x00, 0x00, 0x68, 0x58, 0x20, 0x50, 0x50,
  0x50, 0x70, 0x88, 0x88, 0x00, 0x00, 0x00, 0x20, 0x10, 0x78, 0x40, 0x40, 0x78, 0x40, 0x40, 0x78, 0x00, 0x00,
  0x00, 0x10, 0x20, 0x78, 0x40, 0x40, 0x78, 0x40, 0x40, 0x78, 0x00, 0x00, 0x00, 0x10, 0x28, 0x78, 0x40, 0x40,
  0x78, 0x40, 0x40, 0x78, 0x00, 0x00, 0x00, 0x80, 0x40, 0x40, 0x40, 0x40, 0x40, 0x40, 0x40, 0x40, 0x00, 0x00,
  0x00, 0x20, 0x40, 0x40, 0x40, 0x40, 0x40, 0x40, 0x40, 0x40, 0x00, 0x00, 0x00, 0x10, 0x08, 0x38, 0x44, 0x44,
  0x44, 0x44, 0x44, 0x38, 0x00, 0x00, 0x00, 0x08, 0x10, 0x38, 0x44, 0x44, 0x44, 0x44, 0x44, 0x38, 0x00, 0x00,
  0x00, 0x10, 0x28, 0x38, 0x44, 0x44, 0x44, 0x44, 0x44, 0x38, 0x00, 0x00, 0x00, 0x34, 0x2C, 0x38, 0x44, 0x44,
  0x44, 0x44, 0x44, 0x38, 0x00, 0x00, 0x00, 0x20, 0x10, 0x44, 0x44, 0x44, 0x44, 0x44, 0x44, 0x38, 0x00, 0x00,
  0x00, 0x08, 0x10, 0x44, 0x44, 0x44, 0x44, 0x44, 0x44, 0x38, 0x00, 0x00, 0x00, 0x08, 0x10, 0x44, 0x44, 0x28,
  0x10, 0x10, 0x10, 0x10, 0x00, 0x00, 0x00, 0x00, 0x40, 0x20, 0x00, 0xE0, 0x10, 0x70, 0x90, 0x70, 0x00, 0x00,
  0x00, 0x00, 0x20, 0x40, 0x00, 0xE0, 0x10, 0x70, 0x90, 0x70, 0x00, 0x00, 0x00, 0x00, 0x20, 0x50, 0x00, 0xE0,
  0x10, 0x70, 0x90, 0x70, 0x00, 0x00, 0x00, 0x00, 0xD0, 0xB0, 0x00, 0xE0, 0x10, 0x70, 0x90, 0x70, 0x00, 0x00,
  0x00, 0x00, 0x40, 0x20, 0x00, 0x60, 0x90, 0xF0, 0x80, 0x70, 0x00, 0x00, 0x00, 0x00, 0x20, 0x40, 0x00, 0x60,
  0x90, 0xF0, 0x80, 0x70, 0x00, 0x00, 0x00, 0x00, 0x20, 0x50, 0x00, 0x60, 0x90, 0xF0, 0x80, 0x70, 0x00, 0x00,
  0x00, 0x00, 0x80, 0x40, 0x00, 0x40, 0x40, 0x40, 0x40, 0x40, 0x00, 0x00, 0x00, 0x00, 0x40, 0x80, 0x00, 0x80,
  0x80, 0x80, 0x80, 0x80, 0x00, 0x00, 0x00, 0x00, 0x20, 0x10, 0x00, 0x70, 0x88, 0x88, 0x88, 0x70, 0x00, 0x00,
  0x00, 0x00, 0x10, 0x20, 0x00, 0x70, 0x88, 0x88, 0x88, 0x70, 0x00, 0x00, 0x00, 0x00, 0x20, 0x50, 0x00, 0x70,
  0x88, 0x88, 0x88, 0x70, 0x00, 0x00, 0x00, 0x00, 0x68, 0x58, 0x00, 0x70, 0x88, 0x88, 0x88, 0x70, 0x00, 0x00,
  0x00, 0x00, 0x40, 0x20, 0x00, 0x88, 0x88, 0x88, 0x88, 0x78, 0x00, 0x00, 0x00, 0x00, 0x10, 0x20, 0x00, 0x88,
  0x88, 0x88, 0x88, 0x78, 0x00, 0x00, 0x00, 0x00, 0x10, 0x20, 0x00, 0x88, 0x50, 0x50, 0x50, 0x20, 0x20, 0xC0,
  0x00, 0x50, 0x70, 0x20, 0x50, 0x50, 0x50, 0x70, 0x88, 0x88, 0x00, 0x00, 0x00, 0x00, 0xA0, 0xE0, 0x00, 0xE0,
  0x10, 0x70, 0x90, 0x70, 0x00, 0x00, 0x00, 0x00, 0x00, 0x78, 0x44, 0x44, 0xF4, 0x44, 0x44, 0x78, 0x00, 0x00,
  0x00, 0x00, 0x00, 0x1C, 0x08, 0x78, 0x88, 0x88, 0x88, 0x78, 0x00, 0x00, 0x00, 0xD0, 0xB0, 0x40, 0x40, 0x40,
  0x40, 0x40, 0x40, 0x40, 0x00, 0x00, 0x00, 0x00, 0xD0, 0xB0, 0x00, 0x40, 0x40, 0x40, 0x40, 0x40, 0x00, 0x00,
  0x00, 0x34, 0x2C, 0x44, 0x44, 0x44, 0x44, 0x44, 0x44, 0x38, 0x00, 0x00, 0x00, 0x00, 0xD0, 0xB0, 0x00, 0x88,
  0x88, 0x88, 0x88, 0x78, 0x00, 0x00, 0x00, 0x00, 0x00, 0x39, 0x45, 0x46, 0x44, 0x44, 0x44, 0x38, 0x00, 0x00,
  0x00, 0x00, 0x00, 0x00, 0x00, 0x64, 0x94, 0x98, 0x90, 0x60, 0x00, 0x00, 0x00, 0x00, 0x00, 0x8A, 0x8A, 0x8C,
  0x88, 0x88, 0x88, 0x70, 0x00, 0x00, 0x00, 0x00, 0x00, 0x00, 0x00, 0x94, 0x94, 0x98, 0x90, 0x70, 0x00, 0x00,
  0x00, 0x00, 0x00, 0x20, 0x50, 0x50, 0x50, 0x70, 0x88, 0x88, 0x00, 0x20, 0x00, 0x00, 0x00, 0x00, 0x00, 0xE0,
  0x10, 0x70, 0x90, 0x70, 0x00, 0x20, 0x60, 0x20, 0x20, 0x50, 0x50, 0x50, 0x70, 0x88, 0x88, 0x00, 0x00, 0x00,
  0x00, 0x00, 0x60, 0x20, 0x00, 0xE0, 0x10, 0x70, 0x90, 0x70, 0x00, 0x00, 0x00, 0x20, 0x30, 0x20, 0x50, 0x50,
  0x50, 0x70, 0x88, 0x88, 0x00, 0x00, 0x00, 0x10, 0x20, 0x50, 0x00, 0xE0, 0x10, 0x70, 0x90, 0x70, 0x00, 0x00,
  0x00, 0x20, 0x30, 0x20, 0x50, 0x50, 0x50, 0x70, 0x88, 0x88, 0x00, 0x00, 0x00, 0x40, 0x20, 0x50, 0x00, 0xE0,
  0x10, 0x70, 0x90, 0x70, 0x00, 0x00, 0x30, 0x30, 0x20, 0x50, 0x50, 0x50, 0x70, 0x88, 0x88, 0x00, 0x00, 0x00,
  0x30, 0x30, 0x50, 0x00, 0xE0, 0x10, 0x70, 0x90, 0x70, 0x00, 0x00, 0x00, 0x00, 0x78, 0x30, 0x20, 0x50, 0x50,
  0x50, 0x70, 0x88, 0x88, 0x00, 0x00, 0x00, 0xF0, 0x20, 0x50, 0x00, 0xE0, 0x10, 0x70, 0x90, 0x70, 0x00, 0x00,
  0x00, 0x00, 0x30, 0x20, 0x50, 0x50, 0x50, 0x70, 0x88, 0x88, 0x00, 0x20, 0x00, 0x00, 0x20, 0x50, 0x00, 0xE0,
  0x10, 0x70, 0x90, 0x70, 0x00, 0x20, 0x00, 0x20, 0x70, 0x20, 0x50, 0x50, 0x50, 0x70, 0x88, 0x88, 0x00, 0x00,
  0x00, 0x40, 0xA0, 0xE0, 0x00, 0xE0, 0x10, 0x70, 0x90, 0x70, 0x00, 0x00, 0x00, 0x20, 0x70, 0x20, 0x50, 0x50,
  0x50, 0x70, 0x88, 0x88, 0x00, 0x00, 0x00, 0x40, 0xA0, 0xE0, 0x00, 0xE0, 0x10, 0x70, 0x90, 0x70, 0x00, 0x00,
  0x30, 0x70, 0x20, 0x50, 0x50, 0x50, 0x70, 0x88, 0x88, 0x00, 0x00, 0x00, 0x60, 0xA0, 0xE0, 0x00, 0xE0, 0x10,
  0x70, 0x90, 0x70, 0x00, 0x00, 0x00, 0x00, 0x78, 0x70, 0x20, 0x50, 0x50, 0x50, 0x70, 0x88, 0x88, 0x00, 0x00,
  0x00, 0xF0, 0xA0, 0xE0, 0x00, 0xE0, 0x10, 0x70, 0x90, 0x70, 0x00, 0x00, 0x00, 0x00, 0x70, 0x20, 0x50, 0x50,
  0x50, 0x70, 0x88, 0x88, 0x00, 0x20, 0x00, 0x00, 0xA0, 0xE0, 0x00, 0xE0, 0x10, 0x70, 0x90, 0x70, 0x00, 0x20,
  0x00, 0x00, 0x00, 0x78, 0x40, 0x40, 0x78, 0x40, 0x40, 0x78, 0x00, 0x10, 0x00, 0x00, 0x00, 0x00, 0x00, 0x60,
  0x90, 0xF0, 0x80, 0x70, 0x00, 0x40, 0x60, 0x20, 0x78, 0x40, 0x40, 0x78, 0x40, 0x40, 0x78, 0x00, 0x00, 0x00,
  0x00, 0x00, 0x60, 0x20, 0x00, 0x60, 0x90, 0xF0, 0x80, 0x70, 0x00, 0x00, 0x00, 0x24, 0x38, 0x78, 0x40, 0x40,
  0x78, 0x40, 0x40, 0x78, 0x00, 0x00, 0x00, 0x00, 0xD0, 0xB0, 0x00, 0x60, 0x90, 0xF0, 0x80, 0x70, 0x00, 0x00,
  0x00, 0x10, 0x18, 0x78, 0x40, 0x40, 0x78, 0x40, 0x40, 0x78, 0x00, 0x00, 0x00, 0x20, 0x20, 0x50, 0x00, 0x60,
  0x90, 0xF0, 0x80, 0x70, 0x00, 0x00, 0x00, 0x10, 0x18, 0x78, 0x40, 0x40, 0x78, 0x40, 0x40, 0x78, 0x00, 0x00,
  0x00, 0x80, 0x20, 0x50, 0x00, 0x60, 0x90, 0xF0, 0x80, 0x70, 0x00, 0x00, 0x18, 0x18, 0x78, 0x40, 0x40, 0x78,
  0x40, 0x40, 0x78, 0x00, 0x00, 0x00, 0x30, 0x30, 0x50, 0x00, 0x60, 0x90, 0xF0, 0x80, 0x70, 0x00, 0x00, 0x00,
  0x00, 0x78, 0x18, 0x78, 0x40, 0x40, 0x78, 0x40, 0x40, 0x78, 0x00, 0x00, 0x00, 0xF0, 0x20, 0x50, 0x00, 0x60,
  0x90, 0xF0, 0x80, 0x70, 0x00, 0x00, 0x00, 0x00, 0x18, 0x78, 0x40, 0x40, 0x78, 0x40, 0x40, 0x78, 0x00, 0x10,
  0x00, 0x00, 0x20, 0x50, 0x00, 0x60, 0x90, 0xF0, 0x80, 0x70, 0x00, 0x40, 0x60, 0x20, 0x40, 0x40, 0x40, 0x40,
  0x40, 0x40, 0x40, 0x00, 0x00, 0x00, 0x00, 0x00, 0xC0, 0x60, 0x00, 0x20, 0x20, 0x20, 0x20, 0x20, 0x00, 0x00,
  0x00, 0x00, 0x00, 0x40, 0x40, 0x40, 0x40, 0x40, 0x40, 0x40, 0x00, 0x40, 0x00, 0x00, 0x00, 0x80, 0x00, 0x80,
  0x80, 0x80, 0x80, 0x80, 0x00, 0x80, 0x00, 0x00, 0x00, 0x38, 0x44, 0x44, 0x44, 0x44, 0x44, 0x38, 0x00, 0x10,
  0x00, 0x00, 0x00, 0x00, 0x00, 0x70, 0x88, 0x88, 0x88, 0x70, 0x00, 0x10, 0x30, 0x10, 0x38, 0x44, 0x44, 0x44,
  0x44, 0x44, 0x38, 0x00, 0x00, 0x00, 0x00, 0x00, 0x60, 0x20, 0x00, 0x70, 0x88, 0x88, 0x88, 0x70, 0x00, 0x00,
  0x00, 0x10, 0x18, 0x38, 0x44, 0x44, 0x44, 0x44, 0x44, 0x38, 0x00, 0x00, 0x00, 0x10, 0x20, 0x50, 0x00, 0x70,
  0x88, 0x88, 0x88, 0x70, 0x00, 0x00, 0x00, 0x10, 0x18, 0x38, 0x44, 0x44, 0x44, 0x44, 0x44, 0x38, 0x00, 0x00,
  0x00, 0x40, 0x20, 0x50, 0x00, 0x70, 0x88, 0x88, 0x88, 0x70, 0x00, 0x00, 0x18, 0x18, 0x38, 0x44, 0x44, 0x44,
  0x44, 0x44, 0x38, 0x00, 0x00, 0x00, 0x60, 0x20, 0x50, 0x00, 0x70, 0x88, 0x88, 0x88, 0x70, 0x00, 0x00, 0x00,
  0x00, 0x1C, 0x18, 0x38, 0x44, 0x44, 0x44, 0x44, 0x44, 0x38, 0x00, 0x00, 0x00, 0xF0, 0x20, 0x50, 0x00, 0x70,
  0x88, 0x88, 0x88, 0x70, 0x00, 0x00, 0x00, 0x00, 0x18, 0x38, 0x44, 0x44, 0x44, 0x44, 0x44, 0x38, 0x00, 0x10,
  0x00, 0x00, 0x20, 0x50, 0x00, 0x70, 0x88, 0x88, 0x88, 0x70, 0x00, 0x10, 0x00, 0x08, 0x10, 0x39, 0x45, 0x46,
  0x44, 0x44, 0x44, 0x38, 0x00, 0x00, 0x00, 0x00, 0x20, 0x40, 0x00, 0x64, 0x94, 0x98, 0x90, 0x60, 0x00, 0x00,
  0x00, 0x10, 0x08, 0x39, 0x45, 0x46, 0x44, 0x44, 0x44, 0x38, 0x00, 0x00, 0x00, 0x00, 0x40, 0x20, 0x00, 0x64,
  0x94, 0x98, 0x90, 0x60, 0x00, 0x00, 0x30, 0x10, 0x39, 0x45, 0x46, 0x44, 0x44, 0x44, 0x38, 0x00, 0x00, 0x00,
  0x00, 0x00, 0x60, 0x20, 0x00, 0x64, 0x94, 0x98, 0x90, 0x60, 0x00, 0x00, 0x00, 0x34, 0x2C, 0x39, 0x45, 0x46,
  0x44, 0x44, 0x44, 0x38, 0x00, 0x00, 0x00, 0x00, 0x50, 0xB0, 0x00, 0x64, 0x94, 0x98, 0x90, 0x60, 0x00, 0x00,
  0x00, 0x00, 0x00, 0x39, 0x45, 0x46, 0x44, 0x44, 0x44, 0x38, 0x00, 0x10, 0x00, 0x00, 0x00, 0x00, 0x00, 0x64,
  0x94, 0x98, 0x90, 0x60, 0x00, 0x20, 0x00, 0x00, 0x00, 0x44, 0x44, 0x44, 0x44, 0x44, 0x44, 0x38, 0x00, 0x10,
  0x00, 0x00, 0x00, 0x00, 0x00, 0x88, 0x88, 0x88, 0x88, 0x78, 0x00, 0x10, 0x60, 0x20, 0x44, 0x44, 0x44, 0x44,
  0x44, 0x44, 0x38, 0x00, 0x00, 0x00, 0x00, 0x00, 0x60, 0x20, 0x00, 0x88, 0x88, 0x88, 0x88, 0x78, 0x00, 0x00,
  0x00, 0x10, 0x20, 0x8A, 0x8A, 0x8C, 0x88, 0x88, 0x88, 0x70, 0x00, 0x00, 0x00, 0x00, 0x20, 0x40, 0x00, 0x94,
  0x94, 0x98, 0x90, 0x70, 0x00, 0x00, 0x00, 0x40, 0x20, 0x8A, 0x8A, 0x8C, 0x88, 0x88, 0x88, 0x70, 0x00, 0x00,
  0x00, 0x00, 0x40, 0x20, 0x00, 0x94, 0x94, 0x98, 0x90, 0x70, 0x00, 0x00, 0xC0, 0x40, 0x8A, 0x8A, 0x8C, 0x88,
  0x88, 0x88, 0x70, 0x00, 0x00, 0x00, 0x00, 0x00, 0x60, 0x20, 0x00, 0x94, 0x94, 0x98, 0x90, 0x70, 0x00, 0x00,
  0x00, 0x68, 0x58, 0x8A, 0x8A, 0x8C, 0x88, 0x88, 0x88, 0x70, 0x00, 0x00, 0x00, 0x00, 0xD0, 0xB0, 0x00, 0x94,
  0x94, 0x98, 0x90, 0x70, 0x00, 0x00, 0x00, 0x00, 0x00, 0x8A, 0x8A, 0x8C, 0x88, 0x88, 0x88, 0x70, 0x00, 0x20,
  0x00, 0x00, 0x00, 0x00, 0x00, 0x94, 0x94, 0x98, 0x90, 0x70, 0x00, 0x20, 0x00, 0x10, 0x10, 0x44, 0x44, 0x28,
  0x10, 0x10, 0x10, 0x10, 0x00, 0x00, 0x00, 0x00, 0x20, 0x10, 0x00, 0x88, 0x50, 0x50, 0x50, 0x20, 0x20, 0xC0,
  0x00, 0x00, 0x00, 0x44, 0x44, 0x28, 0x10, 0x10, 0x10, 0x10, 0x00, 0x10, 0x00, 0x00, 0x00, 0x00, 0x00, 0x88,
  0x50, 0x50, 0x50, 0x20, 0x20, 0xC8, 0x30, 0x10, 0x44, 0x44, 0x28, 0x10, 0x10, 0x10, 0x10, 0x00, 0x00, 0x00,
  0x00, 0x00, 0x30, 0x10, 0x00, 0x88, 0x50, 0x50, 0x50, 0x20, 0x20, 0xC0, 0x00, 0x24, 0x38, 0x44, 0x44, 0x28,
  0x10, 0x10, 0x10, 0x10, 0x00, 0x00, 0x00, 0x00, 0x68, 0x58, 0x00, 0x88, 0x50, 0x50, 0x50, 0x20, 0x20, 0xC0,
};
static const VietnameseGlyph VI_FONT_1_GLYPHS[] PROGMEM = {
  {0x0020, 0u, 3, 3, 1},
  {0x0021, 12u, 3, 3, 1},
  {0x0022, 24u, 4, 4, 1},
  {0x0023, 36u, 5, 5, 1},
  {0x0024, 48u, 5, 5, 1},
  {0x0025, 60u, 8, 8, 1},
  {0x0026, 72u, 7, 7, 1},
  {0x0027, 84u, 2, 2, 1},
  {0x0028, 96u, 3, 3, 1},
  {0x0029, 108u, 3, 3, 1},
  {0x002A, 120u, 4, 4, 1},
  {0x002B, 132u, 5, 5, 1},
  {0x002C, 144u, 3, 3, 1},
  {0x002D, 156u, 3, 3, 1},
  {0x002E, 168u, 3, 3, 1},
  {0x002F, 180u, 3, 3, 1},
  {0x0030, 192u, 5, 5, 1},
  {0x0031, 204u, 5, 5, 1},
  {0x0032, 216u, 5, 5, 1},
  {0x0033, 228u, 5, 5, 1},
  {0x0034, 240u, 5, 5, 1},
  {0x0035, 252u, 5, 5, 1},
  {0x0036, 264u, 5, 5, 1},
  {0x0037, 276u, 5, 5, 1},
  {0x0038, 288u, 5, 5, 1},
  {0x0039, 300u, 5, 5, 1},
  {0x003A, 312u, 3, 3, 1},
  {0x003B, 324u, 3, 3, 1},
  {0x003C, 336u, 5, 5, 1},
  {0x003D, 348u, 5, 5, 1},
  {0x003E, 360u, 5, 5, 1},
  {0x003F, 372u, 6, 6, 1},
  {0x0040, 384u, 9, 9, 2},
  {0x0041, 408u, 5, 5, 1},
  {0x0042, 420u, 7, 7, 1},
  {0x0043, 432u, 7, 7, 1},
  {0x0044, 444u, 7, 7, 1},
  {0x0045, 456u, 6, 6, 1},
  {0x0046, 468u, 6, 6, 1},
  {0x0047, 480u, 7, 7, 1},
  {0x0048, 492u, 7, 7, 1},
  {0x0049, 504u, 3, 3, 1},
  {0x004A, 516u, 5, 5, 1},
  {0x004B, 528u, 7, 7, 1},
  {0x004C, 540u, 6, 6, 1},
  {0x004D, 552u, 7, 7, 1},
  {0x004E, 564u, 7, 7, 1},
  {0x004F, 576u, 7, 7, 1},
  {0x0050, 588u, 6, 6, 1},
  {0x0051, 600u, 7, 7, 1},
  {0x0052, 612u, 7, 7, 1},
  {0x0053, 624u, 6, 6, 1},
  {0x0054, 636u, 5, 5, 1},
  {0x0055, 648u, 7, 7, 1},
  {0x0056, 660u, 6, 6, 1},
  {0x0057, 672u, 9, 9, 2},
  {0x0058, 696u, 6, 6, 1},
  {0x0059, 708u, 7, 5, 1},
  {0x005A, 720u, 6, 6, 1},
  {0x005B, 732u, 3, 3, 1},
  {0x005C, 744u, 3, 3, 1},
  {0x005D, 756u, 3, 3, 1},
  {0x005E, 768u, 5, 5, 1},
  {0x005F, 780u, 5, 5, 1},
  {0x0060, 792u, 3, 3, 1},
  {0x0061, 804u, 5, 5, 1},
  {0x0062, 816u, 6, 6, 1},
  {0x0063, 828u, 5, 5, 1},
  {0x0064, 840u, 6, 6, 1},
  {0x0065, 852u, 5, 5, 1},
  {0x0066, 864u, 4, 3, 1},
  {0x0067, 876u, 6, 6, 1},
  {0x0068, 888u, 6, 6, 1},
  {0x0069, 900u, 3, 3, 1},
  {0x006A, 912u, 3, 3, 1},
  {0x006B, 924u, 5, 5, 1},
  {0x006C, 936u, 3, 3, 1},
  {0x006D, 948u, 8, 8, 1},
  {0x006E, 960u, 6, 6, 1},
  {0x006F, 972u, 6, 6, 1},
  {0x0070, 984u, 6, 6, 1},
  {0x0071, 996u, 6, 6, 1},
  {0x0072, 1008u, 4, 4, 1},
  {0x0073, 1020u, 5, 5, 1},
  {0x0074, 1032u, 4, 3, 1},
  {0x0075, 1044u, 6, 6, 1},
  {0x0076, 1056u, 6, 5, 1},
  {0x0077, 1068u, 7, 7, 1},
  {0x0078, 1080u, 6, 5, 1},
  {0x0079, 1092u, 5, 5, 1},
  {0x007A, 1104u, 5, 5, 1},
  {0x007B, 1116u, 4, 4, 1},
  {0x007C, 1128u, 3, 3, 1},
  {0x007D, 1140u, 4, 4, 1},
  {0x007E, 1152u, 5, 5, 1},
  {0x00C0, 1164u, 5, 5, 1},
  {0x00C1, 1176u, 5, 5, 1},
  {0x00C2, 1188u, 5, 5, 1},
  {0x00C3, 1200u, 5, 5, 1},
  {0x00C8, 1212u, 6, 6, 1},
  {0x00C9, 1224u, 6, 6, 1},
  {0x00CA, 1236u, 6, 6, 1},
  {0x00CC, 1248u, 3, 3, 1},
  {0x00CD, 1260u, 3, 3, 1},
  {0x00D2, 1272u, 7, 7, 1},
  {0x00D3, 1284u, 7, 7, 1},
  {0x00D4, 1296u, 7, 7, 1},
  {0x00D5, 1308u, 7, 7, 1},
  {0x00D9, 1320u, 7, 7, 1},
  {0x00DA, 1332u, 7, 7, 1},
  {0x00DD, 1344u, 7, 5, 1},
  {0x00E0, 1356u, 5, 5, 1},
  {0x00E1, 1368u, 5, 5, 1},
  {0x00E2, 1380u, 5, 5, 1},
  {0x00E3, 1392u, 6, 5, 1},
  {0x00E8, 1404u, 5, 5, 1},
  {0x00E9, 1416u, 5, 5, 1},
  {0x00EA, 1428u, 5, 5, 1},
  {0x00EC, 1440u, 4, 3, 1},
  {0x00ED, 1452u, 3, 3, 1},
  {0x00F2, 1464u, 6, 6, 1},
  {0x00F3, 1476u, 6, 6, 1},
  {0x00F4, 1488u, 6, 6, 1},
  {0x00F5, 1500u, 6, 6, 1},
  {0x00F9, 1512u, 6, 6, 1},
  {0x00FA, 1524u, 6, 6, 1},
  {0x00FD, 1536u, 5, 5, 1},
  {0x0102, 1548u, 5, 5, 1},
  {0x0103, 1560u, 5, 5, 1},
  {0x0110, 1572u, 7, 7, 1},
  {0x0111, 1584u, 6, 6, 1},
  {0x0128, 1596u, 5, 3, 1},
  {0x0129, 1608u, 5, 3, 1},
  {0x0168, 1620u, 7, 7, 1},
  {0x0169, 1632u, 6, 6, 1},
  {0x01A0, 1644u, 8, 8, 1},
  {0x01A1, 1656u, 6, 6, 1},
  {0x01AF, 1668u, 7, 7, 1},
  {0x01B0, 1680u, 7, 7, 1},
  {0x1EA0, 1692u, 5, 5, 1},
  {0x1EA1, 1704u, 5, 5, 1},
  {0x1EA2, 1716u, 5, 5, 1},
  {0x1EA3, 1728u, 5, 5, 1},
  {0x1EA4, 1740u, 5, 5, 1},
  {0x1EA5, 1752u, 5, 5, 1},
  {0x1EA6, 1764u, 5, 5, 1},
  {0x1EA7, 1776u, 5, 5, 1},
  {0x1EA8, 1788u, 5, 5, 1},
  {0x1EA9, 1800u, 5, 5, 1},
  {0x1EAA, 1812u, 6, 5, 1},
  {0x1EAB, 1824u, 5, 5, 1},
  {0x1EAC, 1836u, 5, 5, 1},
  {0x1EAD, 1848u, 5, 5, 1},
  {0x1EAE, 1860u, 5, 5, 1},
  {0x1EAF, 1872u, 5, 5, 1},
  {0x1EB0, 1884u, 5, 5, 1},
  {0x1EB1, 1896u, 5, 5, 1},
  {0x1EB2, 1908u, 5, 5, 1},
  {0x1EB3, 1920u, 5, 5, 1},
  {0x1EB4, 1932u, 6, 5, 1},
  {0x1EB5, 1944u, 5, 5, 1},
  {0x1EB6, 1956u, 5, 5, 1},
  {0x1EB7, 1968u, 5, 5, 1},
  {0x1EB8, 1980u, 6, 6, 1},
  {0x1EB9, 1992u, 5, 5, 1},
  {0x1EBA, 2004u, 6, 6, 1},
  {0x1EBB, 2016u, 5, 5, 1},
  {0x1EBC, 2028u, 6, 6, 1},
  {0x1EBD, 2040u, 5, 5, 1},
  {0x1EBE, 2052u, 6, 6, 1},
  {0x1EBF, 2064u, 5, 5, 1},
  {0x1EC0, 2076u, 6, 6, 1},
  {0x1EC1, 2088u, 5, 5, 1},
  {0x1EC2, 2100u, 6, 6, 1},
  {0x1EC3, 2112u, 5, 5, 1},
  {0x1EC4, 2124u, 6, 6, 1},
  {0x1EC5, 2136u, 5, 5, 1},
  {0x1EC6, 2148u, 6, 6, 1},
  {0x1EC7, 2160u, 5, 5, 1},
  {0x1EC8, 2172u, 3, 3, 1},
  {0x1EC9, 2184u, 5, 3, 1},
  {0x1ECA, 2196u, 3, 3, 1},
  {0x1ECB, 2208u, 3, 3, 1},
  {0x1ECC, 2220u, 7, 7, 1},
  {0x1ECD, 2232u, 6, 6, 1},
  {0x1ECE, 2244u, 7, 7, 1},
  {0x1ECF, 2256u, 6, 6, 1},
  {0x1ED0, 2268u, 7, 7, 1},
  {0x1ED1, 2280u, 6, 6, 1},
  {0x1ED2, 2292u, 7, 7, 1},
  {0x1ED3, 2304u, 6, 6, 1},
  {0x1ED4, 2316u, 7, 7, 1},
  {0x1ED5, 2328u, 6, 6, 1},
  {0x1ED6, 2340u, 7, 7, 1},
  {0x1ED7, 2352u, 6, 6, 1},
  {0x1ED8, 2364u, 7, 7, 1},
  {0x1ED9, 2376u, 6, 6, 1},
  {0x1EDA, 2388u, 8, 8, 1},
  {0x1EDB, 2400u, 6, 6, 1},
  {0x1EDC, 2412u, 8, 8, 1},
  {0x1EDD, 2424u, 6, 6, 1},
  {0x1EDE, 2436u, 8, 8, 1},
  {0x1EDF, 2448u, 6, 6, 1},
  {0x1EE0, 2460u, 8, 8, 1},
  {0x1EE1, 2472u, 6, 6, 1},
  {0x1EE2, 2484u, 8, 8, 1},
  {0x1EE3, 2496u, 6, 6, 1},
  {0x1EE4, 2508u, 7, 7, 1},
  {0x1EE5, 2520u, 6, 6, 1},
  {0x1EE6, 2532u, 7, 7, 1},
  {0x1EE7, 2544u, 6, 6, 1},
  {0x1EE8, 2556u, 7, 7, 1},
  {0x1EE9, 2568u, 7, 7, 1},
  {0x1EEA, 2580u, 7, 7, 1},
  {0x1EEB, 2592u, 7, 7, 1},
  {0x1EEC, 2604u, 7, 7, 1},
  {0x1EED, 2616u, 7, 7, 1},
  {0x1EEE, 2628u, 7, 7, 1},
  {0x1EEF, 2640u, 7, 7, 1},
  {0x1EF0, 2652u, 7, 7, 1},
  {0x1EF1, 2664u, 7, 7, 1},
  {0x1EF2, 2676u, 7, 5, 1},
  {0x1EF3, 2688u, 5, 5, 1},
  {0x1EF4, 2700u, 7, 5, 1},
  {0x1EF5, 2712u, 6, 5, 1},
  {0x1EF6, 2724u, 7, 5, 1},
  {0x1EF7, 2736u, 5, 5, 1},
  {0x1EF8, 2748u, 7, 5, 1},
  {0x1EF9, 2760u, 6, 5, 1},
};

constexpr uint8_t VI_FONT_2_HEIGHT = 17;
constexpr uint16_t VI_FONT_2_GLYPH_COUNT = 229;
static const uint8_t VI_FONT_2_BITMAP[] PROGMEM = {
  0x00, 0x00, 0x00, 0x00, 0x00, 0x00, 0x00, 0x00, 0x00, 0x00, 0x00, 0x00, 0x00, 0x00, 0x00, 0x00, 0x00, 0x00,
  0x00, 0x00, 0x00, 0x60, 0x60, 0x60, 0x60, 0x60, 0x60, 0x60, 0x00, 0x60, 0x60, 0x00, 0x00, 0x00, 0x00, 0x00,
  0x00, 0x00, 0x6C, 0x6C, 0x6C, 0x00, 0x00, 0x00, 0x00, 0x00, 0x00, 0x00, 0x00, 0x00, 0x00, 0x00, 0x00, 0x00,
  0x00, 0x24, 0x24, 0x24, 0xFC, 0x48, 0x48, 0xFC, 0x90, 0x90, 0x90, 0x00, 0x00, 0x00, 0x00, 0x00, 0x00, 0x10,
  0x38, 0x54, 0x50, 0x70, 0x78, 0x3C, 0x1C, 0x14, 0x54, 0x38, 0x10, 0x00, 0x00, 0x00, 0x00, 0x00, 0x00, 0x00,
  0x00, 0x00, 0x00, 0x72, 0x00, 0x52, 0x00, 0x52, 0x00, 0x54, 0x00, 0x74, 0x00, 0x0B, 0x80, 0x0A, 0x80, 0x0A,
  0x80, 0x12, 0x80, 0x13, 0x80, 0x00, 0x00, 0x00, 0x00, 0x00, 0x00, 0x00, 0x00, 0x00, 0x00, 0x00, 0x00, 0x00,
  0x00, 0x1C, 0x00, 0x36, 0x00, 0x36, 0x00, 0x1E, 0x00, 0x18, 0x00, 0x3D, 0x00, 0x6D, 0x00, 0x67, 0x00, 0x67,
  0x00, 0x3D, 0x80, 0x00, 0x00, 0x00, 0x00, 0x00, 0x00, 0x00, 0x00, 0x00, 0x00, 0x60, 0x60, 0x60, 0x00, 0x00,
  0x00, 0x00, 0x00, 0x00, 0x00, 0x00, 0x00, 0x00, 0x00, 0x00, 0x00, 0x00, 0x10, 0x30, 0x20, 0x60, 0x60, 0x60,
  0x60, 0x60, 0x60, 0x60, 0x20, 0x30, 0x10, 0x00, 0x00, 0x00, 0x00, 0x80, 0xC0, 0x40, 0x60, 0x60, 0x60, 0x60,
  0x60, 0x60, 0x60, 0x40, 0xC0, 0x80, 0x00, 0x00, 0x00, 0x00, 0x20, 0xF8, 0x20, 0xD8, 0x00, 0x00, 0x00, 0x00,
  0x00, 0x00, 0x00, 0x00, 0x00, 0x00, 0x00, 0x00, 0x00, 0x00, 0x00, 0x00, 0x18, 0x18, 0x7E, 0x18, 0x18, 0x00,
  0x00, 0x00, 0x00, 0x00, 0x00, 0x00, 0x00, 0x00, 0x00, 0x00, 0x00, 0x00, 0x00, 0x00, 0x00, 0x00, 0x60, 0x60,
  0x20, 0x40, 0x00, 0x00, 0x00, 0x00, 0x00, 0x00, 0x00, 0x00, 0x00, 0x00, 0x00, 0x00, 0x70, 0x00, 0x00, 0x00,
  0x00, 0x00, 0x00, 0x00, 0x00, 0x00, 0x00, 0x00, 0x00, 0x00, 0x00, 0x00, 0x00, 0x00, 0x60, 0x60, 0x00, 0x00,
  0x00, 0x00, 0x00, 0x00, 0x00, 0x10, 0x10, 0x20, 0x20, 0x20, 0x40, 0x40, 0x40, 0x80, 0x80, 0x00, 0x00, 0x00,
  0x00, 0x00, 0x00, 0x00, 0x78, 0xCC, 0xCC, 0xCC, 0xCC, 0xCC, 0xCC, 0xCC, 0xCC, 0x78, 0x00, 0x00, 0x00, 0x00,
  0x00, 0x00, 0x00, 0x18, 0x38, 0x78, 0x58, 0x18, 0x18, 0x18, 0x18, 0x18, 0x18, 0x00, 0x00, 0x00, 0x00, 0x00,
  0x00, 0x00, 0x78, 0xCC, 0x0C, 0x0C, 0x18, 0x38, 0x30, 0x60, 0xC0, 0xFC, 0x00, 0x00, 0x00, 0x00, 0x00, 0x00,
  0x00, 0x78, 0xCC, 0x0C, 0x0C, 0x38, 0x0C, 0x0C, 0x0C, 0xCC, 0x78, 0x00, 0x00, 0x00, 0x00, 0x00, 0x00, 0x00,
  0x18, 0x18, 0x38, 0x38, 0x58, 0x58, 0x98, 0xFC, 0x18, 0x18, 0x00, 0x00, 0x00, 0x00, 0x00, 0x00, 0x00, 0x7C,
  0x60, 0xC0, 0xF8, 0xCC, 0x0C, 0x0C, 0x0C, 0xCC, 0x78, 0x00, 0x00, 0x00, 0x00, 0x00, 0x00, 0x00, 0x38, 0x4C,
  0xC0, 0xC0, 0xF8, 0xCC, 0xCC, 0xCC, 0xCC, 0x78, 0x00, 0x00, 0x00, 0x00, 0x00, 0x00, 0x00, 0xFC, 0x0C, 0x18,
  0x18, 0x30, 0x30, 0x30, 0x60, 0x60, 0x60, 0x00, 0x00, 0x00, 0x00, 0x00, 0x00, 0x00, 0x78, 0xCC, 0xCC, 0xCC,
  0x78, 0xCC, 0xCC, 0xCC, 0xCC, 0x78, 0x00, 0x00, 0x00, 0x00, 0x00, 0x00, 0x00, 0x78, 0xCC, 0xCC, 0xCC, 0xCC,
  0x7C, 0x0C, 0x0C, 0xC8, 0x70, 0x00, 0x00, 0x00, 0x00, 0x00, 0x00, 0x00, 0x00, 0x00, 0x00, 0x60, 0x60, 0x00,
  0x00, 0x00, 0x60, 0x60, 0x00, 0x00, 0x00, 0x00, 0x00, 0x00, 0x00, 0x00, 0x00, 0x00, 0x60, 0x60, 0x00, 0x00,
  0x00, 0x60, 0x60, 0x20, 0x40, 0x00, 0x00, 0x00, 0x00, 0x00, 0x00, 0x00, 0x04, 0x1C, 0x70, 0xC0, 0x70, 0x1C,
  0x04, 0x00, 0x00, 0x00, 0x00, 0x00, 0x00, 0x00, 0x00, 0x00, 0x00, 0x00, 0x00, 0xFE, 0x00, 0xFE, 0x00, 0x00,
  0x00, 0x00, 0x00, 0x00, 0x00, 0x00, 0x00, 0x00, 0x00, 0x00, 0x40, 0x70, 0x1C, 0x06, 0x1C, 0x70, 0x40, 0x00,
  0x00, 0x00, 0x00, 0x00, 0x00, 0x00, 0x00, 0x7C, 0xC6, 0x06, 0x06, 0x0C, 0x18, 0x30, 0x00, 0x30, 0x30, 0x00,
  0x00, 0x00, 0x00, 0x00, 0x00, 0x00, 0x00, 0x00, 0x00, 0x00, 0x0F, 0xC0, 0x30, 0x20, 0x60, 0x10, 0x4E, 0xC8,
  0x9F, 0xC8, 0xB9, 0xC8, 0xB1, 0x88, 0xB3, 0x90, 0xBF, 0xB0, 0x5D, 0xC0, 0x40, 0x08, 0x30, 0x30, 0x0F, 0xC0,
  0x00, 0x00, 0x00, 0x00, 0x00, 0x00, 0x00, 0x00, 0x1C, 0x00, 0x1C, 0x00, 0x36, 0x00, 0x36, 0x00, 0x36, 0x00,
  0x63, 0x00, 0x63, 0x00, 0x7F, 0x00, 0xC1, 0x80, 0xC1, 0x80, 0x00, 0x00, 0x00, 0x00, 0x00, 0x00, 0x00, 0x00,
  0x00, 0x00, 0x00, 0x00, 0x00, 0x00, 0x7E, 0x00, 0x63, 0x00, 0x63, 0x00, 0x63, 0x00, 0x7E, 0x00, 0x63, 0x00,
  0x63, 0x00, 0x63, 0x00, 0x63, 0x00, 0x7E, 0x00, 0x00, 0x00, 0x00, 0x00, 0x00, 0x00, 0x00, 0x00, 0x00, 0x00,
  0x00, 0x00, 0x00, 0x00, 0x1F, 0x00, 0x31, 0x80, 0x60, 0x00, 0x60, 0x00, 0x60, 0x00, 0x60, 0x00, 0x60, 0x00,
  0x60, 0x00, 0x31, 0x80, 0x1F, 0x00, 0x00, 0x00, 0x00, 0x00, 0x00, 0x00, 0x00, 0x00, 0x00, 0x00, 0x00, 0x00,
  0x00, 0x00, 0x7C, 0x00, 0x66, 0x00, 0x63, 0x00, 0x63, 0x00, 0x63, 0x00, 0x63, 0x00, 0x63, 0x00, 0x63, 0x00,
  0x66, 0x00, 0x7C, 0x00, 0x00, 0x00, 0x00, 0x00, 0x00, 0x00, 0x00, 0x00, 0x00, 0x00, 0x7E, 0x60, 0x60, 0x60,
  0x7E, 0x60, 0x60, 0x60, 0x60, 0x7E, 0x00, 0x00, 0x00, 0x00, 0x00, 0x00, 0x00, 0x7E, 0x60, 0x60, 0x60, 0x60,
  0x7E, 0x60, 0x60, 0x60, 0x60, 0x00, 0x00, 0x00, 0x00, 0x00, 0x00, 0x00, 0x00, 0x00, 0x00, 0x00, 0x1F, 0x00,
  0x31, 0x80, 0x60, 0x00, 0x60, 0x00, 0x60, 0x00, 0x67, 0x80, 0x61, 0x80, 0x61, 0x80, 0x31, 0x80, 0x1F, 0x00,
  0x00, 0x00, 0x00, 0x00, 0x00, 0x00, 0x00, 0x00, 0x00, 0x00, 0x00, 0x00, 0x00, 0x00, 0x63, 0x00, 0x63, 0x00,
  0x63, 0x00, 0x63, 0x00, 0x7F, 0x00, 0x63, 0x00, 0x63, 0x00, 0x63, 0x00, 0x63, 0x00, 0x63, 0x00, 0x00, 0x00,
  0x00, 0x00, 0x00, 0x00, 0x00, 0x00, 0x00, 0x00, 0x60, 0x60, 0x60, 0x60, 0x60, 0x60, 0x60, 0x60, 0x60, 0x60,
  0x00, 0x00, 0x00, 0x00, 0x00, 0x00, 0x00, 0x0C, 0x0C, 0x0C, 0x0C, 0x0C, 0x0C, 0x0C, 0xCC, 0xCC, 0x78, 0x00,
  0x00, 0x00, 0x00, 0x00, 0x00, 0x00, 0x00, 0x00, 0x00, 0x00, 0x63, 0x00, 0x66, 0x00, 0x6C, 0x00, 0x6C, 0x00,
  0x7C, 0x00, 0x76, 0x00, 0x66, 0x00, 0x66, 0x00, 0x63, 0x00, 0x63, 0x00, 0x00, 0x00, 0x00, 0x00, 0x00, 0x00,
  0x00, 0x00, 0x00, 0x00, 0x60, 0x60, 0x60, 0x60, 0x60, 0x60, 0x60, 0x60, 0x60, 0x7E, 0x00, 0x00, 0x00, 0x00,
  0x00, 0x00, 0x00, 0x00, 0x00, 0x00, 0x00, 0x71, 0xC0, 0x71, 0xC0, 0x7B, 0xC0, 0x7B, 0xC0, 0x7B, 0xC0, 0x6A,
  0xC0, 0x6A, 0xC0, 0x6E, 0xC0, 0x6E, 0xC0, 0x64, 0xC0, 0x00, 0x00, 0x00, 0x00, 0x00, 0x00, 0x00, 0x00, 0x00,
  0x00, 0x00, 0x00, 0x00, 0x00, 0x63, 0x00, 0x73, 0x00, 0x73, 0x00, 0x7B, 0x00, 0x6B, 0x00, 0x6F, 0x00, 0x67,
  0x00, 0x67, 0x00, 0x63, 0x00, 0x63, 0x00, 0x00, 0x00, 0x00, 0x00, 0x00, 0x00, 0x00, 0x00, 0x00, 0x00, 0x00,
  0x00, 0x00, 0x00, 0x1E, 0x00, 0x33, 0x00, 0x61, 0x80, 0x61, 0x80, 0x61, 0x80, 0x61, 0x80, 0x61, 0x80, 0x61,
  0x80, 0x33, 0x00, 0x1E, 0x00, 0x00, 0x00, 0x00, 0x00, 0x00, 0x00, 0x00, 0x00, 0x00, 0x00, 0x00, 0x00, 0x00,
  0x00, 0x7E, 0x00, 0x63, 0x00, 0x63, 0x00, 0x63, 0x00, 0x63, 0x00, 0x7E, 0x00, 0x60, 0x00, 0x60, 0x00, 0x60,
  0x00, 0x60, 0x00, 0x00, 0x00, 0x00, 0x00, 0x00, 0x00, 0x00, 0x00, 0x00, 0x00, 0x00, 0x00, 0x00, 0x00, 0x1E,
  0x00, 0x33, 0x00, 0x61, 0x80, 0x61, 0x80, 0x61, 0x80, 0x61, 0x80, 0x61, 0x80, 0x65, 0x80, 0x33, 0x00, 0x1F,
  0x00, 0x00, 0x80, 0x00, 0x00, 0x00, 0x00, 0x00, 0x00, 0x00, 0x00, 0x00, 0x00, 0x00, 0x00, 0x7E, 0x00, 0x63,
  0x00, 0x63, 0x00, 0x63, 0x00, 0x63, 0x00, 0x7E, 0x00, 0x66, 0x00, 0x63, 0x00, 0x63, 0x00, 0x61, 0x80, 0x00,
  0x00, 0x00, 0x00, 0x00, 0x00, 0x00, 0x00, 0x00, 0x00, 0x00, 0x00, 0x00, 0x00, 0x3E, 0x00, 0x63, 0x00, 0x60,
  0x00, 0x70, 0x00, 0x3C, 0x00, 0x1E, 0x00, 0x07, 0x00, 0x03, 0x00, 0x63, 0x00, 0x3E, 0x00, 0x00, 0x00, 0x00,
  0x00, 0x00, 0x00, 0x00, 0x00, 0x00, 0x00, 0xFF, 0x18, 0x18, 0x18, 0x18, 0x18, 0x18, 0x18, 0x18, 0x18, 0x00,
  0x00, 0x00, 0x00, 0x00, 0x00, 0x00, 0x00, 0x00, 0x00, 0x00, 0x63, 0x00, 0x63, 0x00, 0x63, 0x00, 0x63, 0x00,
  0x63, 0x00, 0x63, 0x00, 0x63, 0x00, 0x63, 0x00, 0x63, 0x00, 0x3E, 0x00, 0x00, 0x00, 0x00, 0x00, 0x00, 0x00,
  0x00, 0x00, 0x00, 0x00, 0x00, 0x00, 0x00, 0x00, 0xC1, 0x80, 0xC1, 0x80, 0x63, 0x00, 0x63, 0x00, 0x63, 0x00,
  0x36, 0x00, 0x36, 0x00, 0x36, 0x00, 0x1C, 0x00, 0x1C, 0x00, 0x00, 0x00, 0x00, 0x00, 0x00, 0x00, 0x00, 0x00,
  0x00, 0x00, 0x00, 0x00, 0x00, 0x00, 0xC7, 0x18, 0xC7, 0x18, 0x67, 0x30, 0x6D, 0xB0, 0x6D, 0xB0, 0x6D, 0xB0,
  0x6D, 0xB0, 0x38, 0xE0, 0x38, 0xE0, 0x38, 0xE0, 0x00, 0x00, 0x00, 0x00, 0x00, 0x00, 0x00, 0x00, 0x00, 0x00,
  0x00, 0x00, 0x00, 0x00, 0x63, 0x00, 0x63, 0x00, 0x36, 0x00, 0x1C, 0x00, 0x1C, 0x00, 0x1C, 0x00, 0x1C, 0x00,
  0x36, 0x00, 0x63, 0x00, 0x63, 0x00, 0x00, 0x00, 0x00, 0x00, 0x00, 0x00, 0x00, 0x00, 0x00, 0x00, 0x00, 0x00,
  0x00, 0x00, 0x61, 0x80, 0x61, 0x80, 0x33, 0x00, 0x1E, 0x00, 0x1E, 0x00, 0x0C, 0x00, 0x0C, 0x00, 0x0C, 0x00,
  0x0C, 0x00, 0x0C, 0x00, 0x00, 0x00, 0x00, 0x00, 0x00, 0x00, 0x00, 0x00, 0x00, 0x00, 0xFE, 0x06, 0x0C, 0x18,
  0x18, 0x30, 0x30, 0x60, 0xC0, 0xFE, 0x00, 0x00, 0x00, 0x00, 0x00, 0x00, 0x00, 0x70, 0x60, 0x60, 0x60, 0x60,
  0x60, 0x60, 0x60, 0x60, 0x60, 0x60, 0x60, 0x70, 0x00, 0x00, 0x00, 0x00, 0x80, 0x80, 0x40, 0x40, 0x40, 0x20,
  0x20, 0x20, 0x10, 0x10, 0x00, 0x00, 0x00, 0x00, 0x00, 0x00, 0x00, 0xE0, 0x60, 0x60, 0x60, 0x60, 0x60, 0x60,
  0x60, 0x60, 0x60, 0x60, 0x60, 0xE0, 0x00, 0x00, 0x00, 0x00, 0x00, 0x30, 0x30, 0x78, 0x48, 0xCC, 0x00, 0x00,
  0x00, 0x00, 0x00, 0x00, 0x00, 0x00, 0x00, 0x00, 0x00, 0x00, 0x00, 0x00, 0x00, 0x00, 0x00, 0x00, 0x00, 0x00,
  0x00, 0x00, 0x00, 0xFE, 0x00, 0x00, 0x00, 0x00, 0xC0, 0x60, 0x00, 0x00, 0x00, 0x00, 0x00, 0x00, 0x00, 0x00,
  0x00, 0x00, 0x00, 0x00, 0x00, 0x00, 0x00, 0x00, 0x00, 0x00, 0x3C, 0x46, 0x1E, 0x36, 0x66, 0x66, 0x3E, 0x00,
  0x00, 0x00, 0x00, 0x00, 0x00, 0x00, 0x60, 0x60, 0x60, 0x6C, 0x76, 0x66, 0x66, 0x66, 0x76, 0x6C, 0x00, 0x00,
  0x00, 0x00, 0x00, 0x00, 0x00, 0x00, 0x00, 0x00, 0x3C, 0x66, 0x60, 0x60, 0x60, 0x66, 0x3C, 0x00, 0x00, 0x00,
  0x00, 0x00, 0x00, 0x00, 0x06, 0x06, 0x06, 0x36, 0x6E, 0x66, 0x66, 0x66, 0x6E, 0x36, 0x00, 0x00, 0x00, 0x00,
  0x00, 0x00, 0x00, 0x00, 0x00, 0x00, 0x3C, 0x66, 0x66, 0x7E, 0x60, 0x66, 0x3C, 0x00, 0x00, 0x00, 0x00, 0x00,
  0x00, 0x00, 0x38, 0x60, 0x60, 0xF0, 0x60, 0x60, 0x60, 0x60, 0x60, 0x60, 0x00, 0x00, 0x00, 0x00, 0x00, 0x00,
  0x00, 0x00, 0x00, 0x00, 0x36, 0x6E, 0x66, 0x66, 0x66, 0x6E, 0x36, 0x06, 0x46, 0x3C, 0x00, 0x00, 0x00, 0x00,
  0x60, 0x60, 0x60, 0x6C, 0x76, 0x66, 0x66, 0x66, 0x66, 0x66, 0x00, 0x00, 0x00, 0x00, 0x00, 0x00, 0x00, 0x60,
  0x60, 0x00, 0x60, 0x60, 0x60, 0x60, 0x60, 0x60, 0x60, 0x00, 0x00, 0x00, 0x00, 0x00, 0x00, 0x00, 0x30, 0x30,
  0x00, 0x30, 0x30, 0x30, 0x30, 0x30, 0x30, 0x30, 0x30, 0x30, 0xE0, 0x00, 0x00, 0x00, 0x00, 0x60, 0x60, 0x60,
  0x66, 0x6C, 0x78, 0x78, 0x6C, 0x6C, 0x66, 0x00, 0x00, 0x00, 0x00, 0x00, 0x00, 0x00, 0x60, 0x60, 0x60, 0x60,
  0x60, 0x60, 0x60, 0x60, 0x60, 0x60, 0x00, 0x00, 0x00, 0x00, 0x00, 0x00, 0x00, 0x00, 0x00, 0x00, 0x00, 0x00,
  0x00, 0x00, 0x00, 0x00, 0x00, 0x6E, 0xC0, 0x77, 0x60, 0x66, 0x60, 0x66, 0x60, 0x66, 0x60, 0x66, 0x60, 0x66,
  0x60, 0x00, 0x00, 0x00, 0x00, 0x00, 0x00, 0x00, 0x00, 0x00, 0x00, 0x00, 0x00, 0x00, 0x6C, 0x76, 0x66, 0x66,
  0x66, 0x66, 0x66, 0x00, 0x00, 0x00, 0x00, 0x00, 0x00, 0x00, 0x00, 0x00, 0x00, 0x3C, 0x66, 0x66, 0x66, 0x66,
  0x66, 0x3C, 0x00, 0x00, 0x00, 0x00, 0x00, 0x00, 0x00, 0x00, 0x00, 0x00, 0x6C, 0x76, 0x66, 0x66, 0x66, 0x76,
  0x6C, 0x60, 0x60, 0x60, 0x00, 0x00, 0x00, 0x00, 0x00, 0x00, 0x00, 0x36, 0x6E, 0x66, 0x66, 0x66, 0x6E, 0x36,
  0x06, 0x06, 0x06, 0x00, 0x00, 0x00, 0x00, 0x00, 0x00, 0x00, 0x78, 0x60, 0x60, 0x60, 0x60, 0x60, 0x60, 0x00,
  0x00, 0x00, 0x00, 0x00, 0x00, 0x00, 0x00, 0x00, 0x00, 0x78, 0xCC, 0xE0, 0x78, 0x1C, 0xCC, 0x78, 0x00, 0x00,
  0x00, 0x00, 0x00, 0x00, 0x00, 0x00, 0x20, 0x60, 0xF0, 0x60, 0x60, 0x60, 0x60, 0x60, 0x30, 0x00, 0x00, 0x00,
  0x00, 0x00, 0x00, 0x00, 0x00, 0x00, 0x00, 0x66, 0x66, 0x66, 0x66, 0x66, 0x66, 0x3E, 0x00, 0x00, 0x00, 0x00,
  0x00, 0x00, 0x00, 0x00, 0x00, 0x00, 0x00, 0x00, 0x00, 0x00, 0x00, 0x00, 0x00, 0x63, 0x00, 0x63, 0x00, 0x36,
  0x00, 0x36, 0x00, 0x36, 0x00, 0x1C, 0x00, 0x1C, 0x00, 0x00, 0x00, 0x00, 0x00, 0x00, 0x00, 0x00, 0x00, 0x00,
  0x00, 0x00, 0x00, 0x00, 0x00, 0x00, 0x00, 0x00, 0x00, 0x00, 0x00, 0xC4, 0x60, 0xCE, 0x60, 0x6E, 0xC0, 0x6A,
  0xC0, 0x7B, 0xC0, 0x3B, 0x80, 0x31, 0x80, 0x00, 0x00, 0x00, 0x00, 0x00, 0x00, 0x00, 0x00, 0x00, 0x00, 0x00,
  0x00, 0x00, 0x66, 0x66, 0x3C, 0x18, 0x3C, 0x66, 0x66, 0x00, 0x00, 0x00, 0x00, 0x00, 0x00, 0x00, 0x00, 0x00,
  0x00, 0xC6, 0xC6, 0x6C, 0x6C, 0x6C, 0x38, 0x38, 0x38, 0x30, 0xF0, 0x00, 0x00, 0x00, 0x00, 0x00, 0x00, 0x00,
  0x7C, 0x0C, 0x18, 0x30, 0x30, 0x60, 0x7C, 0x00, 0x00, 0x00, 0x00, 0x00, 0x00, 0x00, 0x38, 0x60, 0x60, 0x60,
  0x60, 0x60, 0xC0, 0x60, 0x60, 0x60, 0x60, 0x60, 0x38, 0x00, 0x00, 0x00, 0x00, 0x40, 0x40, 0x40, 0x40, 0x40,
  0x40, 0x40, 0x40, 0x40, 0x40, 0x40, 0x40, 0x00, 0x00, 0x00, 0x00, 0x00, 0xE0, 0x30, 0x30, 0x30, 0x30, 0x30,
  0x18, 0x30, 0x30, 0x30, 0x30, 0x30, 0xE0, 0x00, 0x00, 0x00, 0x00, 0x00, 0x00, 0x00, 0x00, 0x00, 0x72, 0x9C,
  0x00, 0x00, 0x00, 0x00, 0x00, 0x00, 0x00, 0x00, 0x18, 0x00, 0x0C, 0x00, 0x00, 0x00, 0x1C, 0x00, 0x1C, 0x00,
  0x36, 0x00, 0x36, 0x00, 0x36, 0x00, 0x63, 0x00, 0x63, 0x00, 0x7F, 0x00, 0xC1, 0x80, 0xC1, 0x80, 0x00, 0x00,
  0x00, 0x00, 0x00, 0x00, 0x00, 0x00, 0x06, 0x00, 0x0C, 0x00, 0x00, 0x00, 0x1C, 0x00, 0x1C, 0x00, 0x36, 0x00,
  0x36, 0x00, 0x36, 0x00, 0x63, 0x00, 0x63, 0x00, 0x7F, 0x00, 0xC1, 0x80, 0xC1, 0x80, 0x00, 0x00, 0x00, 0x00,
  0x00, 0x00, 0x00, 0x00, 0x08, 0x00, 0x14, 0x00, 0x00, 0x00, 0x1C, 0x00, 0x1C, 0x00, 0x36, 0x00, 0x36, 0x00,
  0x36, 0x00, 0x63, 0x00, 0x63, 0x00, 0x7F, 0x00, 0xC1, 0x80, 0xC1, 0x80, 0x00, 0x00, 0x00, 0x00, 0x00, 0x00,
  0x00, 0x00, 0x1A, 0x00, 0x16, 0x00, 0x00, 0x00, 0x1C, 0x00, 0x1C, 0x00, 0x36, 0x00, 0x36, 0x00, 0x36, 0x00,
  0x63, 0x00, 0x63, 0x00, 0x7F, 0x00, 0xC1, 0x80, 0xC1, 0x80, 0x00, 0x00, 0x00, 0x00, 0x00, 0x00, 0x00, 0x30,
  0x18, 0x00, 0x7E, 0x60, 0x60, 0x60, 0x7E, 0x60, 0x60, 0x60, 0x60, 0x7E, 0x00, 0x00, 0x00, 0x00, 0x06, 0x0C,
  0x00, 0x7E, 0x60, 0x60, 0x60, 0x7E, 0x60, 0x60, 0x60, 0x60, 0x7E, 0x00, 0x00, 0x00, 0x00, 0x08, 0x14, 0x00,
  0x7E, 0x60, 0x60, 0x60, 0x7E, 0x60, 0x60, 0x60, 0x60, 0x7E, 0x00, 0x00, 0x00, 0x00, 0xC0, 0x60, 0x00, 0x60,
  0x60, 0x60, 0x60, 0x60, 0x60, 0x60, 0x60, 0x60, 0x60, 0x00, 0x00, 0x00, 0x00, 0x30, 0x60, 0x00, 0x60, 0x60,
  0x60, 0x60, 0x60, 0x60, 0x60, 0x60, 0x60, 0x60, 0x00, 0x00, 0x00, 0x00, 0x00, 0x18, 0x00, 0x0C, 0x00, 0x00,
  0x00, 0x1E, 0x00, 0x33, 0x00, 0x61, 0x80, 0x61, 0x80, 0x61, 0x80, 0x61, 0x80, 0x61, 0x80, 0x61, 0x80, 0x33,
  0x00, 0x1E, 0x00, 0x00, 0x00, 0x00, 0x00, 0x00, 0x00, 0x00, 0x00, 0x06, 0x00, 0x0C, 0x00, 0x00, 0x00, 0x1E,
  0x00, 0x33, 0x00, 0x61, 0x80, 0x61, 0x80, 0x61, 0x80, 0x61, 0x80, 0x61, 0x80, 0x61, 0x80, 0x33, 0x00, 0x1E,
  0x00, 0x00, 0x00, 0x00, 0x00, 0x00, 0x00, 0x00, 0x00, 0x04, 0x00, 0x0A, 0x00, 0x00, 0x00, 0x1E, 0x00, 0x33,
  0x00, 0x61, 0x80, 0x61, 0x80, 0x61, 0x80, 0x61, 0x80, 0x61, 0x80, 0x61, 0x80, 0x33, 0x00, 0x1E, 0x00, 0x00,
  0x00, 0x00, 0x00, 0x00, 0x00, 0x00, 0x00, 0x1A, 0x00, 0x16, 0x00, 0x00, 0x00, 0x1E, 0x00, 0x33, 0x00, 0x61,
  0x80, 0x61, 0x80, 0x61, 0x80, 0x61, 0x80, 0x61, 0x80, 0x61, 0x80, 0x33, 0x00, 0x1E, 0x00, 0x00, 0x00, 0x00,
  0x00, 0x00, 0x00, 0x00, 0x00, 0x18, 0x00, 0x0C, 0x00, 0x00, 0x00, 0x63, 0x00, 0x63, 0x00, 0x63, 0x00, 0x63,
  0x00, 0x63, 0x00, 0x63, 0x00, 0x63, 0x00, 0x63, 0x00, 0x63, 0x00, 0x3E, 0x00, 0x00, 0x00, 0x00, 0x00, 0x00,
  0x00, 0x00, 0x00, 0x0C, 0x00, 0x18, 0x00, 0x00, 0x00, 0x63, 0x00, 0x63, 0x00, 0x63, 0x00, 0x63, 0x00, 0x63,
  0x00, 0x63, 0x00, 0x63, 0x00, 0x63, 0x00, 0x63, 0x00, 0x3E, 0x00, 0x00, 0x00, 0x00, 0x00, 0x00, 0x00, 0x00,
  0x00, 0x06, 0x00, 0x0C, 0x00, 0x00, 0x00, 0x61, 0x80, 0x61, 0x80, 0x33, 0x00, 0x1E, 0x00, 0x1E, 0x00, 0x0C,
  0x00, 0x0C, 0x00, 0x0C, 0x00, 0x0C, 0x00, 0x0C, 0x00, 0x00, 0x00, 0x00, 0x00, 0x00, 0x00, 0x00, 0x00, 0x00,
  0x00, 0x30, 0x18, 0x00, 0x3C, 0x46, 0x1E, 0x36, 0x66, 0x66, 0x3E, 0x00, 0x00, 0x00, 0x00, 0x00, 0x00, 0x00,
  0x0C, 0x18, 0x00, 0x3C, 0x46, 0x1E, 0x36, 0x66, 0x66, 0x3E, 0x00, 0x00, 0x00, 0x00, 0x00, 0x00, 0x00, 0x08,
  0x14, 0x00, 0x3C, 0x46, 0x1E, 0x36, 0x66, 0x66, 0x3E, 0x00, 0x00, 0x00, 0x00, 0x00, 0x00, 0x00, 0x34, 0x2C,
  0x00, 0x3C, 0x46, 0x1E, 0x36, 0x66, 0x66, 0x3E, 0x00, 0x00, 0x00, 0x00, 0x00, 0x00, 0x00, 0x30, 0x18, 0x00,
  0x3C, 0x66, 0x66, 0x7E, 0x60, 0x66, 0x3C, 0x00, 0x00, 0x00, 0x00, 0x00, 0x00, 0x00, 0x0C, 0x18, 0x00, 0x3C,
  0x66, 0x66, 0x7E, 0x60, 0x66, 0x3C, 0x00, 0x00, 0x00, 0x00, 0x00, 0x00, 0x00, 0x18, 0x18, 0x00, 0x3C, 0x66,
  0x66, 0x7E, 0x60, 0x66, 0x3C, 0x00, 0x00, 0x00, 0x00, 0x00, 0x00, 0x00, 0xC0, 0x60, 0x00, 0x60, 0x60, 0x60,
  0x60, 0x60, 0x60, 0x60, 0x00, 0x00, 0x00, 0x00, 0x00, 0x00, 0x00, 0x30, 0x60, 0x00, 0x60, 0x60, 0x60, 0x60,
  0x60, 0x60, 0x60, 0x00, 0x00, 0x00, 0x00, 0x00, 0x00, 0x00, 0x18, 0x0C, 0x00, 0x3C, 0x66, 0x66, 0x66, 0x66,
  0x66, 0x3C, 0x00, 0x00, 0x00, 0x00, 0x00, 0x00, 0x00, 0x0C, 0x18, 0x00, 0x3C, 0x66, 0x66, 0x66, 0x66, 0x66,
  0x3C, 0x00, 0x00, 0x00, 0x00, 0x00, 0x00, 0x00, 0x08, 0x14, 0x00, 0x3C, 0x66, 0x66, 0x66, 0x66, 0x66, 0x3C,
  0x00, 0x00, 0x00, 0x00, 0x00, 0x00, 0x00, 0x34, 0x2C, 0x00, 0x3C, 0x66, 0x66, 0x66, 0x66, 0x66, 0x3C, 0x00,
  0x00, 0x00, 0x00, 0x00, 0x00, 0x00, 0x30, 0x18, 0x00, 0x66, 0x66, 0x66, 0x66, 0x66, 0x66, 0x3E, 0x00, 0x00,
  0x00, 0x00, 0x00, 0x00, 0x00, 0x0C, 0x18, 0x00, 0x66, 0x66, 0x66, 0x66, 0x66, 0x66, 0x3E, 0x00, 0x00, 0x00,
  0x00, 0x00, 0x00, 0x00, 0x0C, 0x18, 0x00, 0xC6, 0xC6, 0x6C, 0x6C, 0x6C, 0x38, 0x38, 0x38, 0x30, 0xF0, 0x00,
  0x00, 0x12, 0x00, 0x0C, 0x00, 0x00, 0x00, 0x1C, 0x00, 0x1C, 0x00, 0x36, 0x00, 0x36, 0x00, 0x36, 0x00, 0x63,
  0x00, 0x63, 0x00, 0x7F, 0x00, 0xC1, 0x80, 0xC1, 0x80, 0x00, 0x00, 0x00, 0x00, 0x00, 0x00, 0x00, 0x00, 0x00,
  0x00, 0x24, 0x18, 0x00, 0x3C, 0x46, 0x1E, 0x36, 0x66, 0x66, 0x3E, 0x00, 0x00, 0x00, 0x00, 0x00, 0x00, 0x00,
  0x00, 0x00, 0x00, 0x00, 0x7C, 0x00, 0x66, 0x00, 0x63, 0x00, 0x63, 0x00, 0xFB, 0x00, 0x63, 0x00, 0x63, 0x00,
  0x63, 0x00, 0x66, 0x00, 0x7C, 0x00, 0x00, 0x00, 0x00, 0x00, 0x00, 0x00, 0x00, 0x00, 0x00, 0x00, 0x06, 0x1F,
  0x06, 0x3E, 0x66, 0x66, 0x66, 0x66, 0x66, 0x3E, 0x00, 0x00, 0x00, 0x00, 0x48, 0x70, 0x00, 0x60, 0x60, 0x60,
  0x60, 0x60, 0x60, 0x60, 0x60, 0x60, 0x60, 0x00, 0x00, 0x00, 0x00, 0x00, 0x00, 0x00, 0x48, 0x70, 0x00, 0x60,
  0x60, 0x60, 0x60, 0x60, 0x60, 0x60, 0x00, 0x00, 0x00, 0x00, 0x00, 0x16, 0x00, 0x1C, 0x00, 0x00, 0x00, 0x63,
  0x00, 0x63, 0x00, 0x63, 0x00, 0x63, 0x00, 0x63, 0x00, 0x63, 0x00, 0x63, 0x00, 0x63, 0x00, 0x63, 0x00, 0x3E,
  0x00, 0x00, 0x00, 0x00, 0x00, 0x00, 0x00, 0x00, 0x00, 0x00, 0x00, 0x34, 0x2C, 0x00, 0x66, 0x66, 0x66, 0x66,
  0x66, 0x66, 0x3E, 0x00, 0x00, 0x00, 0x00, 0x00, 0x00, 0x00, 0x00, 0x00, 0x00, 0x00, 0x1E, 0x60, 0x33, 0x60,
  0x61, 0xA0, 0x61, 0xC0, 0x61, 0x80, 0x61, 0x80, 0x61, 0x80, 0x61, 0x80, 0x33, 0x00, 0x1E, 0x00, 0x00, 0x00,
  0x00, 0x00, 0x00, 0x00, 0x00, 0x00, 0x00, 0x00, 0x00, 0x00, 0x00, 0x00, 0x00, 0x00, 0x00, 0x00, 0x00, 0x00,
  0x3C, 0x80, 0x66, 0x80, 0x66, 0x80, 0x67, 0x00, 0x66, 0x00, 0x66, 0x00, 0x3C, 0x00, 0x00, 0x00, 0x00, 0x00,
  0x00, 0x00, 0x00, 0x00, 0x00, 0x00, 0x00, 0x00, 0x00, 0x00, 0x63, 0x60, 0x63, 0x60, 0x63, 0x20, 0x63, 0xC0,
  0x63, 0x00, 0x63, 0x00, 0x63, 0x00, 0x63, 0x00, 0x63, 0x00, 0x3E, 0x00, 0x00, 0x00, 0x00, 0x00, 0x00, 0x00,
  0x00, 0x00, 0x00, 0x00, 0x00, 0x00, 0x00, 0x00, 0x00, 0x00, 0x00, 0x00, 0x00, 0x00, 0x66, 0x80, 0x66, 0x80,
  0x66, 0x80, 0x66, 0x80, 0x67, 0x00, 0x6E, 0x00, 0x36, 0x00, 0x00, 0x00, 0x00, 0x00, 0x00, 0x00, 0x00, 0x00,
  0x00, 0x00, 0x00, 0x00, 0x00, 0x00, 0x1C, 0x00, 0x1C, 0x00, 0x36, 0x00, 0x36, 0x00, 0x36, 0x00, 0x63, 0x00,
  0x63, 0x00, 0x7F, 0x00, 0xC1, 0x80, 0xC1, 0x80, 0x00, 0x00, 0x0C, 0x00, 0x0C, 0x00, 0x00, 0x00, 0x00, 0x00,
  0x00, 0x00, 0x00, 0x3C, 0x46, 0x1E, 0x36, 0x66, 0x66, 0x3E, 0x00, 0x0C, 0x0C, 0x1C, 0x00, 0x08, 0x00, 0x00,
  0x00, 0x1C, 0x00, 0x1C, 0x00, 0x36, 0x00, 0x36, 0x00, 0x36, 0x00, 0x63, 0x00, 0x63, 0x00, 0x7F, 0x00, 0xC1,
  0x80, 0xC1, 0x80, 0x00, 0x00, 0x00, 0x00, 0x00, 0x00, 0x00, 0x00, 0x00, 0x00, 0x00, 0x70, 0x10, 0x20, 0x00,
  0x3C, 0x46, 0x1E, 0x36, 0x66, 0x66, 0x3E, 0x00, 0x00, 0x00, 0x00, 0x00, 0x0C, 0x00, 0x18, 0x00, 0x0C, 0x00,
  0x1C, 0x00, 0x1C, 0x00, 0x36, 0x00, 0x36, 0x00, 0x36, 0x00, 0x63, 0x00, 0x63, 0x00, 0x7F, 0x00, 0xC1, 0x80,
  0xC1, 0x80, 0x00, 0x00, 0x00, 0x00, 0x00, 0x00, 0x00, 0x0C, 0x18, 0x00, 0x08, 0x14, 0x00, 0x3C, 0x46, 0x1E,
  0x36, 0x66, 0x66, 0x3E, 0x00, 0x00, 0x00, 0x00, 0x00, 0x18, 0x00, 0x0C, 0x00, 0x0C, 0x00, 0x1C, 0x00, 0x1C,
  0x00, 0x36, 0x00, 0x36, 0x00, 0x36, 0x00, 0x63, 0x00, 0x63, 0x00, 0x7F, 0x00, 0xC1, 0x80, 0xC1, 0x80, 0x00,
  0x00, 0x00, 0x00, 0x00, 0x00, 0x00, 0x18, 0x0C, 0x00, 0x08, 0x14, 0x00, 0x3C, 0x46, 0x1E, 0x36, 0x66, 0x66,
  0x3E, 0x00, 0x00, 0x00, 0x0E, 0x00, 0x04, 0x00, 0x0C, 0x00, 0x1C, 0x00, 0x1C, 0x00, 0x36, 0x00, 0x36, 0x00,
  0x36, 0x00, 0x63, 0x00, 0x63, 0x00, 0x7F, 0x00, 0xC1, 0x80, 0xC1, 0x80, 0x00, 0x00, 0x00, 0x00, 0x00, 0x00,
  0x00, 0x00, 0x1C, 0x08, 0x00, 0x08, 0x14, 0x00, 0x3C, 0x46, 0x1E, 0x36, 0x66, 0x66, 0x3E, 0x00, 0x00, 0x00,
  0x00, 0x00, 0x00, 0x0A, 0x00, 0x16, 0x00, 0x0C, 0x00, 0x1C, 0x00, 0x1C, 0x00, 0x36, 0x00, 0x36, 0x00, 0x36,
  0x00, 0x63, 0x00, 0x63, 0x00, 0x7F, 0x00, 0xC1, 0x80, 0xC1, 0x80, 0x00, 0x00, 0x00, 0x00, 0x00, 0x00, 0x00,
  0x0A, 0x16, 0x00, 0x08, 0x14, 0x00, 0x3C, 0x46, 0x1E, 0x36, 0x66, 0x66, 0x3E, 0x00, 0x00, 0x00, 0x00, 0x00,
  0x00, 0x00, 0x0C, 0x00, 0x00, 0x00, 0x1C, 0x00, 0x1C, 0x00, 0x36, 0x00, 0x36, 0x00, 0x36, 0x00, 0x63, 0x00,
  0x63, 0x00, 0x7F, 0x00, 0xC1, 0x80, 0xC1, 0x80, 0x00, 0x00, 0x0C, 0x00, 0x0C, 0x00, 0x00, 0x00, 0x00, 0x00,
  0x08, 0x14, 0x00, 0x3C, 0x46, 0x1E, 0x36, 0x66, 0x66, 0x3E, 0x00, 0x0C, 0x0C, 0x00, 0x00, 0x06, 0x00, 0x0C,
  0x00, 0x1C, 0x00, 0x1C, 0x00, 0x1C, 0x00, 0x36, 0x00, 0x36, 0x00, 0x36, 0x00, 0x63, 0x00, 0x63, 0x00, 0x7F,
  0x00, 0xC1, 0x80, 0xC1, 0x80, 0x00, 0x00, 0x00, 0x00, 0x00, 0x00, 0x00, 0x0C, 0x18, 0x00, 0x24, 0x18, 0x00,
  0x3C, 0x46, 0x1E, 0x36, 0x66, 0x66, 0x3E, 0x00, 0x00, 0x00, 0x00, 0x00, 0x18, 0x00, 0x0C, 0x00, 0x1C, 0x00,
  0x1C, 0x00, 0x1C, 0x00, 0x36, 0x00, 0x36, 0x00, 0x36, 0x00, 0x63, 0x00, 0x63, 0x00, 0x7F, 0x00, 0xC1, 0x80,
  0xC1, 0x80, 0x00, 0x00, 0x00, 0x00, 0x00, 0x00, 0x00, 0x30, 0x18, 0x00, 0x24, 0x18, 0x00, 0x3C, 0x46, 0x1E,
  0x36, 0x66, 0x66, 0x3E, 0x00, 0x00, 0x00, 0x1C, 0x00, 0x08, 0x00, 0x1C, 0x00, 0x1C, 0x00, 0x1C, 0x00, 0x36,
  0x00, 0x36, 0x00, 0x36, 0x00, 0x63, 0x00, 0x63, 0x00, 0x7F, 0x00, 0xC1, 0x80, 0xC1, 0x80, 0x00, 0x00, 0x00,
  0x00, 0x00, 0x00, 0x00, 0x00, 0x38, 0x10, 0x00, 0x24, 0x18, 0x00, 0x3C, 0x46, 0x1E, 0x36, 0x66, 0x66, 0x3E,
  0x00, 0x00, 0x00, 0x00, 0x00, 0x00, 0x1A, 0x00, 0x16, 0x00, 0x1C, 0x00, 0x1C, 0x00, 0x1C, 0x00, 0x36, 0x00,
  0x36, 0x00, 0x36, 0x00, 0x63, 0x00, 0x63, 0x00, 0x7F, 0x00, 0xC1, 0x80, 0xC1, 0x80, 0x00, 0x00, 0x00, 0x00,
  0x00, 0x00, 0x00, 0x14, 0x2C, 0x00, 0x24, 0x18, 0x00, 0x3C, 0x46, 0x1E, 0x36, 0x66, 0x66, 0x3E, 0x00, 0x00,
  0x00, 0x00, 0x00, 0x00, 0x00, 0x1C, 0x00, 0x00, 0x00, 0x1C, 0x00, 0x1C, 0x00, 0x36, 0x00, 0x36, 0x00, 0x36,
  0x00, 0x63, 0x00, 0x63, 0x00, 0x7F, 0x00, 0xC1, 0x80, 0xC1, 0x80, 0x00, 0x00, 0x0C, 0x00, 0x0C, 0x00, 0x00,
  0x00, 0x00, 0x00, 0x24, 0x18, 0x00, 0x3C, 0x46, 0x1E, 0x36, 0x66, 0x66, 0x3E, 0x00, 0x0C, 0x0C, 0x00, 0x00,
  0x00, 0x00, 0x7E, 0x60, 0x60, 0x60, 0x7E, 0x60, 0x60, 0x60, 0x60, 0x7E, 0x00, 0x18, 0x18, 0x00, 0x00, 0x00,
  0x00, 0x00, 0x00, 0x00, 0x3C, 0x66, 0x66, 0x7E, 0x60, 0x66, 0x3C, 0x00, 0x18, 0x18, 0x1C, 0x08, 0x00, 0x7E,
  0x60, 0x60, 0x60, 0x7E, 0x60, 0x60, 0x60, 0x60, 0x7E, 0x00, 0x00, 0x00, 0x00, 0x00, 0x00, 0x00, 0x70, 0x10,
  0x20, 0x00, 0x3C, 0x66, 0x66, 0x7E, 0x60, 0x66, 0x3C, 0x00, 0x00, 0x00, 0x00, 0x14, 0x2C, 0x00, 0x7E, 0x60,
  0x60, 0x60, 0x7E, 0x60, 0x60, 0x60, 0x60, 0x7E, 0x00, 0x00, 0x00, 0x00, 0x00, 0x00, 0x00, 0x12, 0x1C, 0x00,
  0x3C, 0x66, 0x66, 0x7E, 0x60, 0x66, 0x3C, 0x00, 0x00, 0x00, 0x00, 0x18, 0x30, 0x18, 0x7E, 0x60, 0x60, 0x60,
  0x7E, 0x60, 0x60, 0x60, 0x60, 0x7E, 0x00, 0x00, 0x00, 0x00, 0x18, 0x30, 0x00, 0x18, 0x18, 0x00, 0x3C, 0x66,
  0x66, 0x7E, 0x60, 0x66, 0x3C, 0x00, 0x00, 0x00, 0x00, 0x30, 0x18, 0x18, 0x7E, 0x60, 0x60, 0x60, 0x7E, 0x60,
  0x60, 0x60, 0x60, 0x7E, 0x00, 0x00, 0x00, 0x00, 0x30, 0x18, 0x00, 0x18, 0x18, 0x00, 0x3C, 0x66, 0x66, 0x7E,
  0x60, 0x66, 0x3C, 0x00, 0x00, 0x00, 0x1C, 0x08, 0x18, 0x7E, 0x60, 0x60, 0x60, 0x7E, 0x60, 0x60, 0x60, 0x60,
  0x7E, 0x00, 0x00, 0x00, 0x00, 0x38, 0x10, 0x00, 0x18, 0x18, 0x00, 0x3C, 0x66, 0x66, 0x7E, 0x60, 0x66, 0x3C,
  0x00, 0x00, 0x00, 0x00, 0x00, 0x28, 0x58, 0x18, 0x7E, 0x60, 0x60, 0x60, 0x7E, 0x60, 0x60, 0x60, 0x60, 0x7E,
  0x00, 0x00, 0x00, 0x00, 0x14, 0x2C, 0x00, 0x18, 0x18, 0x00, 0x3C, 0x66, 0x66, 0x7E, 0x60, 0x66, 0x3C, 0x00,
  0x00, 0x00, 0x00, 0x00, 0x18, 0x00, 0x7E, 0x60, 0x60, 0x60, 0x7E, 0x60, 0x60, 0x60, 0x60, 0x7E, 0x00, 0x18,
  0x18, 0x00, 0x00, 0x00, 0x00, 0x18, 0x18, 0x00, 0x3C, 0x66, 0x66, 0x7E, 0x60, 0x66, 0x3C, 0x00, 0x18, 0x18,
  0x70, 0x20, 0x00, 0x60, 0x60, 0x60, 0x60, 0x60, 0x60, 0x60, 0x60, 0x60, 0x60, 0x00, 0x00, 0x00, 0x00, 0x00,
  0x00, 0x00, 0xC0, 0x20, 0x40, 0x00, 0x60, 0x60, 0x60, 0x60, 0x60, 0x60, 0x60, 0x00, 0x00, 0x00, 0x00, 0x00,
  0x00, 0x00, 0x60, 0x60, 0x60, 0x60, 0x60, 0x60, 0x60, 0x60, 0x60, 0x60, 0x00, 0x60, 0x60, 0x00, 0x00, 0x00,
  0x00, 0x60, 0x60, 0x00, 0x60, 0x60, 0x60, 0x60, 0x60, 0x60, 0x60, 0x00, 0x60, 0x60, 0x00, 0x00, 0x00, 0x00,
  0x00, 0x00, 0x00, 0x00, 0x1E, 0x00, 0x33, 0x00, 0x61, 0x80, 0x61, 0x80, 0x61, 0x80, 0x61, 0x80, 0x61, 0x80,
  0x61, 0x80, 0x33, 0x00, 0x1E, 0x00, 0x00, 0x00, 0x0C, 0x00, 0x0C, 0x00, 0x00, 0x00, 0x00, 0x00, 0x00, 0x00,
  0x00, 0x3C, 0x66, 0x66, 0x66, 0x66, 0x66, 0x3C, 0x00, 0x18, 0x18, 0x0E, 0x00, 0x04, 0x00, 0x00, 0x00, 0x1E,
  0x00, 0x33, 0x00, 0x61, 0x80, 0x61, 0x80, 0x61, 0x80, 0x61, 0x80, 0x61, 0x80, 0x61, 0x80, 0x33, 0x00, 0x1E,
  0x00, 0x00, 0x00, 0x00, 0x00, 0x00, 0x00, 0x00, 0x00, 0x00, 0x00, 0x00, 0x18, 0x04, 0x08, 0x00, 0x3C, 0x66,
  0x66, 0x66, 0x66, 0x66, 0x3C, 0x00, 0x00, 0x00, 0x00, 0x00, 0x06, 0x00, 0x0C, 0x00, 0x06, 0x00, 0x1E, 0x00,
  0x33, 0x00, 0x61, 0x80, 0x61, 0x80, 0x61, 0x80, 0x61, 0x80, 0x61, 0x80, 0x61, 0x80, 0x33, 0x00, 0x1E, 0x00,
  0x00, 0x00, 0x00, 0x00, 0x00, 0x00, 0x00, 0x0C, 0x18, 0x00, 0x08, 0x14, 0x00, 0x3C, 0x66, 0x66, 0x66, 0x66,
  0x66, 0x3C, 0x00, 0x00, 0x00, 0x00, 0x00, 0x0C, 0x00, 0x06, 0x00, 0x06, 0x00, 0x1E, 0x00, 0x33, 0x00, 0x61,
  0x80, 0x61, 0x80, 0x61, 0x80, 0x61, 0x80, 0x61, 0x80, 0x61, 0x80, 0x33, 0x00, 0x1E, 0x00, 0x00, 0x00, 0x00,
  0x00, 0x00, 0x00, 0x00, 0x18, 0x0C, 0x00, 0x08, 0x14, 0x00, 0x3C, 0x66, 0x66, 0x66, 0x66, 0x66, 0x3C, 0x00,
  0x00, 0x00, 0x0E, 0x00, 0x04, 0x00, 0x06, 0x00, 0x1E, 0x00, 0x33, 0x00, 0x61, 0x80, 0x61, 0x80, 0x61, 0x80,
  0x61, 0x80, 0x61, 0x80, 0x61, 0x80, 0x33, 0x00, 0x1E, 0x00, 0x00, 0x00, 0x00, 0x00, 0x00, 0x00, 0x00, 0x00,
  0x0E, 0x04, 0x00, 0x08, 0x14, 0x00, 0x3C, 0x66, 0x66, 0x66, 0x66, 0x66, 0x3C, 0x00, 0x00, 0x00, 0x00, 0x00,
  0x00, 0x09, 0x00, 0x0E, 0x00, 0x06, 0x00, 0x1E, 0x00, 0x33, 0x00, 0x61, 0x80, 0x61, 0x80, 0x61, 0x80, 0x61,
  0x80, 0x61, 0x80, 0x61, 0x80, 0x33, 0x00, 0x1E, 0x00, 0x00, 0x00, 0x00, 0x00, 0x00, 0x00, 0x00, 0x1A, 0x14,
  0x00, 0x08, 0x14, 0x00, 0x3C, 0x66, 0x66, 0x66, 0x66, 0x66, 0x3C, 0x00, 0x00, 0x00, 0x00, 0x00, 0x00, 0x00,
  0x06, 0x00, 0x00, 0x00, 0x1E, 0x00, 0x33, 0x00, 0x61, 0x80, 0x61, 0x80, 0x61, 0x80, 0x61, 0x80, 0x61, 0x80,
  0x61, 0x80, 0x33, 0x00, 0x1E, 0x00, 0x00, 0x00, 0x0C, 0x00, 0x0C, 0x00, 0x00, 0x00, 0x00, 0x00, 0x08, 0x14,
  0x00, 0x3C, 0x66, 0x66, 0x66, 0x66, 0x66, 0x3C, 0x00, 0x18, 0x18, 0x00, 0x00, 0x06, 0x00, 0x0C, 0x00, 0x00,
  0x00, 0x1E, 0x60, 0x33, 0x60, 0x61, 0xA0, 0x61, 0xC0, 0x61, 0x80, 0x61, 0x80, 0x61, 0x80, 0x61, 0x80, 0x33,
  0x00, 0x1E, 0x00, 0x00, 0x00, 0x00, 0x00, 0x00, 0x00, 0x00, 0x00, 0x00, 0x00, 0x00, 0x00, 0x00, 0x00, 0x0C,
  0x00, 0x18, 0x00, 0x00, 0x00, 0x3C, 0x80, 0x66, 0x80, 0x66, 0x80, 0x67, 0x00, 0x66, 0x00, 0x66, 0x00, 0x3C,
  0x00, 0x00, 0x00, 0x00, 0x00, 0x00, 0x00, 0x00, 0x00, 0x18, 0x00, 0x0C, 0x00, 0x00, 0x00, 0x1E, 0x60, 0x33,
  0x60, 0x61, 0xA0, 0x61, 0xC0, 0x61, 0x80, 0x61, 0x80, 0x61, 0x80, 0x61, 0x80, 0x33, 0x00, 0x1E, 0x00, 0x00,
  0x00, 0x00, 0x00, 0x00, 0x00, 0x00, 0x00, 0x00, 0x00, 0x00, 0x00, 0x00, 0x00, 0x18, 0x00, 0x0C, 0x00, 0x00,
  0x00, 0x3C, 0x80, 0x66, 0x80, 0x66, 0x80, 0x67, 0x00, 0x66, 0x00, 0x66, 0x00, 0x3C, 0x00, 0x00, 0x00, 0x00,
  0x00, 0x00, 0x00, 0x0E, 0x00, 0x04, 0x00, 0x00, 0x00, 0x1E, 0x60, 0x33, 0x60, 0x61, 0xA0, 0x61, 0xC0, 0x61,
  0x80, 0x61, 0x80, 0x61, 0x80, 0x61, 0x80, 0x33, 0x00, 0x1E, 0x00, 0x00, 0x00, 0x00, 0x00, 0x00, 0x00, 0x00,
  0x00, 0x00, 0x00, 0x00, 0x00, 0x00, 0x00, 0x18, 0x00, 0x04, 0x00, 0x08, 0x00, 0x00, 0x00, 0x3C, 0x80, 0x66,
  0x80, 0x66, 0x80, 0x67, 0x00, 0x66, 0x00, 0x66, 0x00, 0x3C, 0x00, 0x00, 0x00, 0x00, 0x00, 0x00, 0x00, 0x00,
  0x00, 0x1A, 0x00, 0x16, 0x00, 0x00, 0x00, 0x1E, 0x60, 0x33, 0x60, 0x61, 0xA0, 0x61, 0xC0, 0x61, 0x80, 0x61,
  0x80, 0x61, 0x80, 0x61, 0x80, 0x33, 0x00, 0x1E, 0x00, 0x00, 0x00, 0x00, 0x00, 0x00, 0x00, 0x00, 0x00, 0x00,
  0x00, 0x00, 0x00, 0x00, 0x00, 0x34, 0x00, 0x2C, 0x00, 0x00, 0x00, 0x3C, 0x80, 0x66, 0x80, 0x66, 0x80, 0x67,
  0x00, 0x66, 0x00, 0x66, 0x00, 0x3C, 0x00, 0x00, 0x00, 0x00, 0x00, 0x00, 0x00, 0x00, 0x00, 0x00, 0x00, 0x00,
  0x00, 0x00, 0x00, 0x1E, 0x60, 0x33, 0x60, 0x61, 0xA0, 0x61, 0xC0, 0x61, 0x80, 0x61, 0x80, 0x61, 0x80, 0x61,
  0x80, 0x33, 0x00, 0x1E, 0x00, 0x00, 0x00, 0x0C, 0x00, 0x0C, 0x00, 0x00, 0x00, 0x00, 0x00, 0x00, 0x00, 0x00,
  0x00, 0x00, 0x00, 0x00, 0x00, 0x00, 0x00, 0x3C, 0x80, 0x66, 0x80, 0x66, 0x80, 0x67, 0x00, 0x66, 0x00, 0x66,
  0x00, 0x3C, 0x00, 0x00, 0x00, 0x18, 0x00, 0x18, 0x00, 0x00, 0x00, 0x00, 0x00, 0x00, 0x00, 0x00, 0x00, 0x63,
  0x00, 0x63, 0x00, 0x63, 0x00, 0x63, 0x00, 0x63, 0x00, 0x63, 0x00, 0x63, 0x00, 0x63, 0x00, 0x63, 0x00, 0x3E,
  0x00, 0x00, 0x00, 0x0C, 0x00, 0x0C, 0x00, 0x00, 0x00, 0x00, 0x00, 0x00, 0x00, 0x00, 0x66, 0x66, 0x66, 0x66,
  0x66, 0x66, 0x3E, 0x00, 0x18, 0x18, 0x1C, 0x00, 0x08, 0x00, 0x00, 0x00, 0x63, 0x00, 0x63, 0x00, 0x63, 0x00,
  0x63, 0x00, 0x63, 0x00, 0x63, 0x00, 0x63, 0x00, 0x63, 0x00, 0x63, 0x00, 0x3E, 0x00, 0x00, 0x00, 0x00, 0x00,
  0x00, 0x00, 0x00, 0x00, 0x00, 0x00, 0x00, 0x18, 0x04, 0x08, 0x00, 0x66, 0x66, 0x66, 0x66, 0x66, 0x66, 0x3E,
  0x00, 0x00, 0x00, 0x00, 0x00, 0x0C, 0x00, 0x18, 0x00, 0x00, 0x00, 0x63, 0x60, 0x63, 0x60, 0x63, 0x20, 0x63,
  0xC0, 0x63, 0x00, 0x63, 0x00, 0x63, 0x00, 0x63, 0x00, 0x63, 0x00, 0x3E, 0x00, 0x00, 0x00, 0x00, 0x00, 0x00,
  0x00, 0x00, 0x00, 0x00, 0x00, 0x00, 0x00, 0x00, 0x00, 0x0C, 0x00, 0x18, 0x00, 0x00, 0x00, 0x66, 0x80, 0x66,
  0x80, 0x66, 0x80, 0x66, 0x80, 0x67, 0x00, 0x6E, 0x00, 0x36, 0x00, 0x00, 0x00, 0x00, 0x00, 0x00, 0x00, 0x00,
  0x00, 0x18, 0x00, 0x0C, 0x00, 0x00, 0x00, 0x63, 0x60, 0x63, 0x60, 0x63, 0x20, 0x63, 0xC0, 0x63, 0x00, 0x63,
  0x00, 0x63, 0x00, 0x63, 0x00, 0x63, 0x00, 0x3E, 0x00, 0x00, 0x00, 0x00, 0x00, 0x00, 0x00, 0x00, 0x00, 0x00,
  0x00, 0x00, 0x00, 0x00, 0x00, 0x30, 0x00, 0x18, 0x00, 0x00, 0x00, 0x66, 0x80, 0x66, 0x80, 0x66, 0x80, 0x66,
  0x80, 0x67, 0x00, 0x6E, 0x00, 0x36, 0x00, 0x00, 0x00, 0x00, 0x00, 0x00, 0x00, 0x1C, 0x00, 0x08, 0x00, 0x00,
  0x00, 0x63, 0x60, 0x63, 0x60, 0x63, 0x20, 0x63, 0xC0, 0x63, 0x00, 0x63, 0x00, 0x63, 0x00, 0x63, 0x00, 0x63,
  0x00, 0x3E, 0x00, 0x00, 0x00, 0x00, 0x00, 0x00, 0x00, 0x00, 0x00, 0x00, 0x00, 0x00, 0x00, 0x00, 0x00, 0x18,
  0x00, 0x04, 0x00, 0x08, 0x00, 0x00, 0x00, 0x66, 0x80, 0x66, 0x80, 0x66, 0x80, 0x66, 0x80, 0x67, 0x00, 0x6E,
  0x00, 0x36, 0x00, 0x00, 0x00, 0x00, 0x00, 0x00, 0x00, 0x00, 0x00, 0x16, 0x00, 0x1C, 0x00, 0x00, 0x00, 0x63,
  0x60, 0x63, 0x60, 0x63, 0x20, 0x63, 0xC0, 0x63, 0x00, 0x63, 0x00, 0x63, 0x00, 0x63, 0x00, 0x63, 0x00, 0x3E,
  0x00, 0x00, 0x00, 0x00, 0x00, 0x00, 0x00, 0x00, 0x00, 0x00, 0x00, 0x00, 0x00, 0x00, 0x00, 0x34, 0x00, 0x2C,
  0x00, 0x00, 0x00, 0x66, 0x80, 0x66, 0x80, 0x66, 0x80, 0x66, 0x80, 0x67, 0x00, 0x6E, 0x00, 0x36, 0x00, 0x00,
  0x00, 0x00, 0x00, 0x00, 0x00, 0x00, 0x00, 0x00, 0x00, 0x00, 0x00, 0x00, 0x00, 0x63, 0x60, 0x63, 0x60, 0x63,
  0x20, 0x63, 0xC0, 0x63, 0x00, 0x63, 0x00, 0x63, 0x00, 0x63, 0x00, 0x63, 0x00, 0x3E, 0x00, 0x00, 0x00, 0x0C,
  0x00, 0x0C, 0x00, 0x00, 0x00, 0x00, 0x00, 0x00, 0x00, 0x00, 0x00, 0x00, 0x00, 0x00, 0x00, 0x00, 0x00, 0x66,
  0x80, 0x66, 0x80, 0x66, 0x80, 0x66, 0x80, 0x67, 0x00, 0x6E, 0x00, 0x36, 0x00, 0x00, 0x00, 0x18, 0x00, 0x18,
  0x00, 0x00, 0x00, 0x08, 0x00, 0x04, 0x00, 0x00, 0x00, 0x61, 0x80, 0x61, 0x80, 0x33, 0x00, 0x1E, 0x00, 0x1E,
  0x00, 0x0C, 0x00, 0x0C, 0x00, 0x0C, 0x00, 0x0C, 0x00, 0x0C, 0x00, 0x00, 0x00, 0x00, 0x00, 0x00, 0x00, 0x00,
  0x00, 0x00, 0x00, 0x30, 0x10, 0x00, 0xC6, 0xC6, 0x6C, 0x6C, 0x6C, 0x38, 0x38, 0x38, 0x30, 0xF0, 0x00, 0x00,
  0x00, 0x00, 0x00, 0x00, 0x00, 0x00, 0x61, 0x80, 0x61, 0x80, 0x33, 0x00, 0x1E, 0x00, 0x1E, 0x00, 0x0C, 0x00,
  0x0C, 0x00, 0x0C, 0x00, 0x0C, 0x00, 0x0C, 0x00, 0x00, 0x00, 0x06, 0x00, 0x06, 0x00, 0x00, 0x00, 0x00, 0x00,
  0x00, 0x00, 0x00, 0xC6, 0xC6, 0x6C, 0x6C, 0x6C, 0x38, 0x38, 0x38, 0x36, 0xF6, 0x0E, 0x00, 0x04, 0x00, 0x00,
  0x00, 0x61, 0x80, 0x61, 0x80, 0x33, 0x00, 0x1E, 0x00, 0x1E, 0x00, 0x0C, 0x00, 0x0C, 0x00, 0x0C, 0x00, 0x0C,
  0x00, 0x0C, 0x00, 0x00, 0x00, 0x00, 0x00, 0x00, 0x00, 0x00, 0x00, 0x00, 0x00, 0x00, 0x38, 0x08, 0x10, 0x00,
  0xC6, 0xC6, 0x6C, 0x6C, 0x6C, 0x38, 0x38, 0x38, 0x30, 0xF0, 0x00, 0x00, 0x0A, 0x00, 0x16, 0x00, 0x00, 0x00,
  0x61, 0x80, 0x61, 0x80, 0x33, 0x00, 0x1E, 0x00, 0x1E, 0x00, 0x0C, 0x00, 0x0C, 0x00, 0x0C, 0x00, 0x0C, 0x00,
  0x0C, 0x00, 0x00, 0x00, 0x00, 0x00, 0x00, 0x00, 0x00, 0x00, 0x00, 0x00, 0x24, 0x38, 0x00, 0xC6, 0xC6, 0x6C,
  0x6C, 0x6C, 0x38, 0x38, 0x38, 0x30, 0xF0,
};
static const VietnameseGlyph VI_FONT_2_GLYPHS[] PROGMEM = {
  {0x0020, 0u, 4, 4, 1},
  {0x0021, 17u, 4, 4, 1},
  {0x0022, 34u, 6, 6, 1},
  {0x0023, 51u, 7, 7, 1},
  {0x0024, 68u, 7, 7, 1},
  {0x0025, 85u, 10, 10, 2},
  {0x0026, 119u, 9, 9, 2},
  {0x0027, 153u, 3, 3, 1},
  {0x0028, 170u, 4, 4, 1},
  {0x0029, 187u, 4, 4, 1},
  {0x002A, 204u, 5, 5, 1},
  {0x002B, 221u, 8, 8, 1},
  {0x002C, 238u, 4, 4, 1},
  {0x002D, 255u, 4, 4, 1},
  {0x002E, 272u, 4, 4, 1},
  {0x002F, 289u, 4, 4, 1},
  {0x0030, 306u, 7, 7, 1},
  {0x0031, 323u, 7, 7, 1},
  {0x0032, 340u, 7, 7, 1},
  {0x0033, 357u, 7, 7, 1},
  {0x0034, 374u, 7, 7, 1},
  {0x0035, 391u, 7, 7, 1},
  {0x0036, 408u, 7, 7, 1},
  {0x0037, 425u, 7, 7, 1},
  {0x0038, 442u, 7, 7, 1},
  {0x0039, 459u, 7, 7, 1},
  {0x003A, 476u, 4, 4, 1},
  {0x003B, 493u, 4, 4, 1},
  {0x003C, 510u, 8, 8, 1},
  {0x003D, 527u, 8, 8, 1},
  {0x003E, 544u, 8, 8, 1},
  {0x003F, 561u, 8, 8, 1},
  {0x0040, 578u, 13, 13, 2},
  {0x0041, 612u, 9, 9, 2},
  {0x0042, 646u, 9, 9, 2},
  {0x0043, 680u, 9, 9, 2},
  {0x0044, 714u, 9, 9, 2},
  {0x0045, 748u, 8, 8, 1},
  {0x0046, 765u, 8, 8, 1},
  {0x0047, 782u, 10, 10, 2},
  {0x0048, 816u, 9, 9, 2},
  {0x0049, 850u, 4, 4, 1},
  {0x004A, 867u, 7, 7, 1},
  {0x004B, 884u, 9, 9, 2},
  {0x004C, 918u, 8, 8, 1},
  {0x004D, 935u, 11, 11, 2},
  {0x004E, 969u, 9, 9, 2},
  {0x004F, 1003u, 10, 10, 2},
  {0x0050, 1037u, 9, 9, 2},
  {0x0051, 1071u, 10, 10, 2},
  {0x0052, 1105u, 9, 9, 2},
  {0x0053, 1139u, 9, 9, 2},
  {0x0054, 1173u, 8, 8, 1},
  {0x0055, 1190u, 9, 9, 2},
  {0x0056, 1224u, 9, 9, 2},
  {0x0057, 1258u, 13, 13, 2},
  {0x0058, 1292u, 9, 9, 2},
  {0x0059, 1326u, 10, 8, 2},
  {0x005A, 1360u, 7, 7, 1},
  {0x005B, 1377u, 4, 4, 1},
  {0x005C, 1394u, 4, 4, 1},
  {0x005D, 1411u, 4, 4, 1},
  {0x005E, 1428u, 8, 8, 1},
  {0x005F, 1445u, 7, 7, 1},
  {0x0060, 1462u, 4, 4, 1},
  {0x0061, 1479u, 8, 8, 1},
  {0x0062, 1496u, 8, 8, 1},
  {0x0063, 1513u, 7, 7, 1},
  {0x0064, 1530u, 8, 8, 1},
  {0x0065, 1547u, 8, 8, 1},
  {0x0066, 1564u, 5, 4, 1},
  {0x0067, 1581u, 8, 8, 1},
  {0x0068, 1598u, 8, 8, 1},
  {0x0069, 1615u, 4, 4, 1},
  {0x006A, 1632u, 5, 4, 1},
  {0x006B, 1649u, 8, 7, 1},
  {0x006C, 1666u, 4, 4, 1},
  {0x006D, 1683u, 12, 12, 2},
  {0x006E, 1717u, 8, 8, 1},
  {0x006F, 1734u, 8, 8, 1},
  {0x0070, 1751u, 8, 8, 1},
  {0x0071, 1768u, 8, 8, 1},
  {0x0072, 1785u, 5, 5, 1},
  {0x0073, 1802u, 6, 6, 1},
  {0x0074, 1819u, 4, 4, 1},
  {0x0075, 1836u, 8, 8, 1},
  {0x0076, 1853u, 9, 7, 2},
  {0x0077, 1887u, 11, 11, 2},
  {0x0078, 1921u, 8, 8, 1},
  {0x0079, 1938u, 7, 7, 1},
  {0x007A, 1955u, 7, 7, 1},
  {0x007B, 1972u, 5, 5, 1},
  {0x007C, 1989u, 3, 3, 1},
  {0x007D, 2006u, 5, 5, 1},
  {0x007E, 2023u, 8, 8, 1},
  {0x00C0, 2040u, 9, 9, 2},
  {0x00C1, 2074u, 9, 9, 2},
  {0x00C2, 2108u, 9, 9, 2},
  {0x00C3, 2142u, 9, 9, 2},
  {0x00C8, 2176u, 8, 8, 1},
  {0x00C9, 2193u, 8, 8, 1},
  {0x00CA, 2210u, 8, 8, 1},
  {0x00CC, 2227u, 4, 4, 1},
  {0x00CD, 2244u, 4, 4, 1},
  {0x00D2, 2261u, 10, 10, 2},
  {0x00D3, 2295u, 10, 10, 2},
  {0x00D4, 2329u, 10, 10, 2},
  {0x00D5, 2363u, 10, 10, 2},
  {0x00D9, 2397u, 9, 9, 2},
  {0x00DA, 2431u, 9, 9, 2},
  {0x00DD, 2465u, 10, 8, 2},
  {0x00E0, 2499u, 8, 8, 1},
  {0x00E1, 2516u, 8, 8, 1},
  {0x00E2, 2533u, 8, 8, 1},
  {0x00E3, 2550u, 8, 8, 1},
  {0x00E8, 2567u, 8, 8, 1},
  {0x00E9, 2584u, 8, 8, 1},
  {0x00EA, 2601u, 8, 8, 1},
  {0x00EC, 2618u, 4, 4, 1},
  {0x00ED, 2635u, 4, 4, 1},
  {0x00F2, 2652u, 8, 8, 1},
  {0x00F3, 2669u, 8, 8, 1},
  {0x00F4, 2686u, 8, 8, 1},
  {0x00F5, 2703u, 8, 8, 1},
  {0x00F9, 2720u, 8, 8, 1},
  {0x00FA, 2737u, 8, 8, 1},
  {0x00FD, 2754u, 7, 7, 1},
  {0x0102, 2771u, 9, 9, 2},
  {0x0103, 2805u, 8, 8, 1},
  {0x0110, 2822u, 9, 9, 2},
  {0x0111, 2856u, 8, 8, 1},
  {0x0128, 2873u, 5, 4, 1},
  {0x0129, 2890u, 5, 4, 1},
  {0x0168, 2907u, 9, 9, 2},
  {0x0169, 2941u, 8, 8, 1},
  {0x01A0, 2958u, 11, 11, 2},
  {0x01A1, 2992u, 9, 9, 2},
  {0x01AF, 3026u, 11, 11, 2},
  {0x01B0, 3060u, 9, 9, 2},
  {0x1EA0, 3094u, 9, 9, 2},
  {0x1EA1, 3128u, 8, 8, 1},
  {0x1EA2, 3145u, 9, 9, 2},
  {0x1EA3, 3179u, 8, 8, 1},
  {0x1EA4, 3196u, 9, 9, 2},
  {0x1EA5, 3230u, 8, 8, 1},
  {0x1EA6, 3247u, 9, 9, 2},
  {0x1EA7, 3281u, 8, 8, 1},
  {0x1EA8, 3298u, 9, 9, 2},
  {0x1EA9, 3332u, 8, 8, 1},
  {0x1EAA, 3349u, 9, 9, 2},
  {0x1EAB, 3383u, 8, 8, 1},
  {0x1EAC, 3400u, 9, 9, 2},
  {0x1EAD, 3434u, 8, 8, 1},
  {0x1EAE, 3451u, 9, 9, 2},
  {0x1EAF, 3485u, 8, 8, 1},
  {0x1EB0, 3502u, 9, 9, 2},
  {0x1EB1, 3536u, 8, 8, 1},
  {0x1EB2, 3553u, 9, 9, 2},
  {0x1EB3, 3587u, 8, 8, 1},
  {0x1EB4, 3604u, 9, 9, 2},
  {0x1EB5, 3638u, 8, 8, 1},
  {0x1EB6, 3655u, 9, 9, 2},
  {0x1EB7, 3689u, 8, 8, 1},
  {0x1EB8, 3706u, 8, 8, 1},
  {0x1EB9, 3723u, 8, 8, 1},
  {0x1EBA, 3740u, 8, 8, 1},
  {0x1EBB, 3757u, 8, 8, 1},
  {0x1EBC, 3774u, 8, 8, 1},
  {0x1EBD, 3791u, 8, 8, 1},
  {0x1EBE, 3808u, 8, 8, 1},
  {0x1EBF, 3825u, 8, 8, 1},
  {0x1EC0, 3842u, 8, 8, 1},
  {0x1EC1, 3859u, 8, 8, 1},
  {0x1EC2, 3876u, 8, 8, 1},
  {0x1EC3, 3893u, 8, 8, 1},
  {0x1EC4, 3910u, 8, 8, 1},
  {0x1EC5, 3927u, 8, 8, 1},
  {0x1EC6, 3944u, 8, 8, 1},
  {0x1EC7, 3961u, 8, 8, 1},
  {0x1EC8, 3978u, 4, 4, 1},
  {0x1EC9, 3995u, 5, 4, 1},
  {0x1ECA, 4012u, 4, 4, 1},
  {0x1ECB, 4029u, 4, 4, 1},
  {0x1ECC, 4046u, 10, 10, 2},
  {0x1ECD, 4080u, 8, 8, 1},
  {0x1ECE, 4097u, 10, 10, 2},
  {0x1ECF, 4131u, 8, 8, 1},
  {0x1ED0, 4148u, 10, 10, 2},
  {0x1ED1, 4182u, 8, 8, 1},
  {0x1ED2, 4199u, 10, 10, 2},
  {0x1ED3, 4233u, 8, 8, 1},
  {0x1ED4, 4250u, 10, 10, 2},
  {0x1ED5, 4284u, 8, 8, 1},
  {0x1ED6, 4301u, 10, 10, 2},
  {0x1ED7, 4335u, 8, 8, 1},
  {0x1ED8, 4352u, 10, 10, 2},
  {0x1ED9, 4386u, 8, 8, 1},
  {0x1EDA, 4403u, 11, 11, 2},
  {0x1EDB, 4437u, 9, 9, 2},
  {0x1EDC, 4471u, 11, 11, 2},
  {0x1EDD, 4505u, 9, 9, 2},
  {0x1EDE, 4539u, 11, 11, 2},
  {0x1EDF, 4573u, 9, 9, 2},
  {0x1EE0, 4607u, 11, 11, 2},
  {0x1EE1, 4641u, 9, 9, 2},
  {0x1EE2, 4675u, 11, 11, 2},
  {0x1EE3, 4709u, 9, 9, 2},
  {0x1EE4, 4743u, 9, 9, 2},
  {0x1EE5, 4777u, 8, 8, 1},
  {0x1EE6, 4794u, 9, 9, 2},
  {0x1EE7, 4828u, 8, 8, 1},
  {0x1EE8, 4845u, 11, 11, 2},
  {0x1EE9, 4879u, 9, 9, 2},
  {0x1EEA, 4913u, 11, 11, 2},
  {0x1EEB, 4947u, 9, 9, 2},
  {0x1EEC, 4981u, 11, 11, 2},
  {0x1EED, 5015u, 9, 9, 2},
  {0x1EEE, 5049u, 11, 11, 2},
  {0x1EEF, 5083u, 9, 9, 2},
  {0x1EF0, 5117u, 11, 11, 2},
  {0x1EF1, 5151u, 9, 9, 2},
  {0x1EF2, 5185u, 10, 8, 2},
  {0x1EF3, 5219u, 7, 7, 1},
  {0x1EF4, 5236u, 10, 8, 2},
  {0x1EF5, 5270u, 8, 7, 1},
  {0x1EF6, 5287u, 10, 8, 2},
  {0x1EF7, 5321u, 7, 7, 1},
  {0x1EF8, 5338u, 10, 8, 2},
  {0x1EF9, 5372u, 7, 7, 1},
};

constexpr uint8_t VI_FONT_3_HEIGHT = 19;
constexpr uint16_t VI_FONT_3_GLYPH_COUNT = 229;
static const uint8_t VI_FONT_3_BITMAP[] PROGMEM = {
  0x00, 0x00, 0x00, 0x00, 0x00, 0x00, 0x00, 0x00, 0x00, 0x00, 0x00, 0x00, 0x00, 0x00, 0x00, 0x00, 0x00, 0x00,
  0x00, 0x00, 0x00, 0x00, 0x30, 0x30, 0x30, 0x30, 0x30, 0x30, 0x30, 0x30, 0x30, 0x00, 0x30, 0x30, 0x00, 0x00,
  0x00, 0x00, 0x00, 0x00, 0x00, 0x66, 0x66, 0x66, 0x66, 0x00, 0x00, 0x00, 0x00, 0x00, 0x00, 0x00, 0x00, 0x00,
  0x00, 0x00, 0x00, 0x00, 0x00, 0x00, 0x00, 0x00, 0x00, 0x0D, 0x80, 0x0D, 0x80, 0x1B, 0x00, 0xFF, 0xC0, 0xFF,
  0xC0, 0x1B, 0x00, 0x36, 0x00, 0xFF, 0xC0, 0xFF, 0xC0, 0x36, 0x00, 0x6C, 0x00, 0x6C, 0x00, 0x00, 0x00, 0x00,
  0x00, 0x00, 0x00, 0x00, 0x00, 0x00, 0x00, 0x00, 0x00, 0x08, 0x00, 0x1C, 0x00, 0x3E, 0x00, 0x6B, 0x00, 0x68,
  0x00, 0x78, 0x00, 0x3C, 0x00, 0x1E, 0x00, 0x0F, 0x00, 0x6B, 0x00, 0x6B, 0x00, 0x3E, 0x00, 0x1C, 0x00, 0x08,
  0x00, 0x08, 0x00, 0x00, 0x00, 0x00, 0x00, 0x00, 0x00, 0x00, 0x00, 0x00, 0x00, 0x78, 0x30, 0xCC, 0x60, 0xCC,
  0x60, 0xCC, 0xC0, 0xCD, 0x80, 0x79, 0x80, 0x03, 0x3C, 0x03, 0x66, 0x06, 0x66, 0x06, 0x66, 0x0C, 0x66, 0x18,
  0x3C, 0x00, 0x00, 0x00, 0x00, 0x00, 0x00, 0x00, 0x00, 0x00, 0x00, 0x00, 0x00, 0x00, 0x00, 0x1F, 0x00, 0x3F,
  0x80, 0x31, 0x80, 0x31, 0x80, 0x1F, 0x00, 0x1E, 0x00, 0x36, 0x40, 0x67, 0x60, 0x63, 0xC0, 0x61, 0xE0, 0x3F,
  0xF0, 0x1E, 0x20, 0x00, 0x00, 0x00, 0x00, 0x00, 0x00, 0x00, 0x00, 0x00, 0x00, 0x00, 0x60, 0x60, 0x60, 0x60,
  0x00, 0x00, 0x00, 0x00, 0x00, 0x00, 0x00, 0x00, 0x00, 0x00, 0x00, 0x00, 0x00, 0x00, 0x00, 0x18, 0x30, 0x30,
  0x30, 0x60, 0x60, 0x60, 0x60, 0x60, 0x60, 0x60, 0x30, 0x30, 0x30, 0x18, 0x00, 0x00, 0x00, 0x00, 0x60, 0x30,
  0x30, 0x30, 0x18, 0x18, 0x18, 0x18, 0x18, 0x18, 0x18, 0x30, 0x30, 0x30, 0x60, 0x00, 0x00, 0x00, 0x00, 0x10,
  0x7C, 0x10, 0x28, 0x6C, 0x00, 0x00, 0x00, 0x00, 0x00, 0x00, 0x00, 0x00, 0x00, 0x00, 0x00, 0x00, 0x00, 0x00,
  0x00, 0x00, 0x00, 0x00, 0x00, 0x00, 0x00, 0x0C, 0x00, 0x0C, 0x00, 0x0C, 0x00, 0x7F, 0x80, 0x7F, 0x80, 0x0C,
  0x00, 0x0C, 0x00, 0x0C, 0x00, 0x00, 0x00, 0x00, 0x00, 0x00, 0x00, 0x00, 0x00, 0x00, 0x00, 0x00, 0x00, 0x00,
  0x00, 0x00, 0x00, 0x00, 0x00, 0x00, 0x00, 0x00, 0x00, 0x00, 0x00, 0x00, 0x60, 0x60, 0x20, 0x20, 0x40, 0x00,
  0x00, 0x00, 0x00, 0x00, 0x00, 0x00, 0x00, 0x00, 0x00, 0x00, 0x7C, 0x7C, 0x00, 0x00, 0x00, 0x00, 0x00, 0x00,
  0x00, 0x00, 0x00, 0x00, 0x00, 0x00, 0x00, 0x00, 0x00, 0x00, 0x00, 0x00, 0x00, 0x00, 0x60, 0x60, 0x00, 0x00,
  0x00, 0x00, 0x00, 0x00, 0x00, 0x18, 0x18, 0x30, 0x30, 0x30, 0x30, 0x60, 0x60, 0x60, 0x60, 0xC0, 0xC0, 0x00,
  0x00, 0x00, 0x00, 0x00, 0x00, 0x00, 0x00, 0x00, 0x00, 0x3C, 0x00, 0x7E, 0x00, 0xE7, 0x00, 0xC3, 0x00, 0xC3,
  0x00, 0xC3, 0x00, 0xC3, 0x00, 0xC3, 0x00, 0xC3, 0x00, 0xE7, 0x00, 0x7E, 0x00, 0x3C, 0x00, 0x00, 0x00, 0x00,
  0x00, 0x00, 0x00, 0x00, 0x00, 0x00, 0x00, 0x00, 0x00, 0x00, 0x00, 0x0C, 0x00, 0x1C, 0x00, 0x3C, 0x00, 0x6C,
  0x00, 0x4C, 0x00, 0x0C, 0x00, 0x0C, 0x00, 0x0C, 0x00, 0x0C, 0x00, 0x0C, 0x00, 0x0C, 0x00, 0x0C, 0x00, 0x00,
  0x00, 0x00, 0x00, 0x00, 0x00, 0x00, 0x00, 0x00, 0x00, 0x00, 0x00, 0x00, 0x00, 0x3C, 0x00, 0x7E, 0x00, 0xE3,
  0x00, 0xC3, 0x00, 0x03, 0x00, 0x06, 0x00, 0x0E, 0x00, 0x1C, 0x00, 0x38, 0x00, 0x60, 0x00, 0xFF, 0x00, 0xFF,
  0x00, 0x00, 0x00, 0x00, 0x00, 0x00, 0x00, 0x00, 0x00, 0x00, 0x00, 0x00, 0x00, 0x00, 0x00, 0x3E, 0x00, 0x7F,
  0x00, 0xE3, 0x00, 0x03, 0x00, 0x1E, 0x00, 0x1E, 0x00, 0x07, 0x00, 0x03, 0x00, 0xC3, 0x00, 0xE7, 0x00, 0x7E,
  0x00, 0x3C, 0x00, 0x00, 0x00, 0x00, 0x00, 0x00, 0x00, 0x00, 0x00, 0x00, 0x00, 0x00, 0x00, 0x00, 0x00, 0x06,
  0x00, 0x0E, 0x00, 0x0E, 0x00, 0x1E, 0x00, 0x36, 0x00, 0x36, 0x00, 0x66, 0x00, 0xC6, 0x00, 0xFF, 0x00, 0xFF,
  0x00, 0x06, 0x00, 0x06, 0x00, 0x00, 0x00, 0x00, 0x00, 0x00, 0x00, 0x00, 0x00, 0x00, 0x00, 0x00, 0x00, 0x00,
  0x00, 0x7E, 0x00, 0x7E, 0x00, 0x60, 0x00, 0xC0, 0x00, 0xFC, 0x00, 0xFE, 0x00, 0xC7, 0x00, 0x03, 0x00, 0xC3,
  0x00, 0xE7, 0x00, 0x7E, 0x00, 0x3C, 0x00, 0x00, 0x00, 0x00, 0x00, 0x00, 0x00, 0x00, 0x00, 0x00, 0x00, 0x00,
  0x00, 0x00, 0x00, 0x3E, 0x00, 0x7F, 0x00, 0x63, 0x00, 0xC0, 0x00, 0xDC, 0x00, 0xFE, 0x00, 0xE7, 0x00, 0xC3,
  0x00, 0xC3, 0x00, 0x63, 0x00, 0x7E, 0x00, 0x3C, 0x00, 0x00, 0x00, 0x00, 0x00, 0x00, 0x00, 0x00, 0x00, 0x00,
  0x00, 0x00, 0x00, 0x00, 0x00, 0xFF, 0x00, 0xFF, 0x00, 0x06, 0x00, 0x0C, 0x00, 0x0C, 0x00, 0x18, 0x00, 0x18,
  0x00, 0x18, 0x00, 0x30, 0x00, 0x30, 0x00, 0x30, 0x00, 0x30, 0x00, 0x00, 0x00, 0x00, 0x00, 0x00, 0x00, 0x00,
  0x00, 0x00, 0x00, 0x00, 0x00, 0x00, 0x00, 0x3C, 0x00, 0x7E, 0x00, 0xC3, 0x00, 0xC3, 0x00, 0xC3, 0x00, 0x7E,
  0x00, 0x7E, 0x00, 0xC3, 0x00, 0xC3, 0x00, 0xC3, 0x00, 0x7E, 0x00, 0x3C, 0x00, 0x00, 0x00, 0x00, 0x00, 0x00,
  0x00, 0x00, 0x00, 0x00, 0x00, 0x00, 0x00, 0x00, 0x00, 0x3C, 0x00, 0x7E, 0x00, 0xC6, 0x00, 0xC3, 0x00, 0xC3,
  0x00, 0xE7, 0x00, 0x7F, 0x00, 0x3B, 0x00, 0x03, 0x00, 0xC6, 0x00, 0xFE, 0x00, 0x7C, 0x00, 0x00, 0x00, 0x00,
  0x00, 0x00, 0x00, 0x00, 0x00, 0x00, 0x00, 0x00, 0x00, 0x00, 0x00, 0x30, 0x30, 0x00, 0x00, 0x00, 0x00, 0x00,
  0x30, 0x30, 0x00, 0x00, 0x00, 0x00, 0x00, 0x00, 0x00, 0x00, 0x00, 0x00, 0x30, 0x30, 0x00, 0x00, 0x00, 0x00,
  0x00, 0x30, 0x30, 0x10, 0x10, 0x20, 0x00, 0x00, 0x00, 0x00, 0x00, 0x00, 0x00, 0x00, 0x00, 0x00, 0x00, 0x01,
  0x00, 0x07, 0x00, 0x1E, 0x00, 0x78, 0x00, 0xE0, 0x00, 0x78, 0x00, 0x1E, 0x00, 0x07, 0x00, 0x01, 0x00, 0x00,
  0x00, 0x00, 0x00, 0x00, 0x00, 0x00, 0x00, 0x00, 0x00, 0x00, 0x00, 0x00, 0x00, 0x00, 0x00, 0x00, 0x00, 0x00,
  0x00, 0x00, 0x00, 0xFF, 0x80, 0xFF, 0x80, 0x00, 0x00, 0x00, 0x00, 0xFF, 0x80, 0xFF, 0x80, 0x00, 0x00, 0x00,
  0x00, 0x00, 0x00, 0x00, 0x00, 0x00, 0x00, 0x00, 0x00, 0x00, 0x00, 0x00, 0x00, 0x00, 0x00, 0x00, 0x00, 0x00,
  0x00, 0x00, 0x00, 0x80, 0x00, 0xE0, 0x00, 0x78, 0x00, 0x1E, 0x00, 0x07, 0x00, 0x1E, 0x00, 0x78, 0x00, 0xE0,
  0x00, 0x80, 0x00, 0x00, 0x00, 0x00, 0x00, 0x00, 0x00, 0x00, 0x00, 0x00, 0x00, 0x00, 0x00, 0x00, 0x00, 0x00,
  0x00, 0x1E, 0x00, 0x3F, 0x00, 0x71, 0x80, 0x61, 0x80, 0x03, 0x80, 0x07, 0x00, 0x0E, 0x00, 0x0C, 0x00, 0x0C,
  0x00, 0x00, 0x00, 0x0C, 0x00, 0x0C, 0x00, 0x00, 0x00, 0x00, 0x00, 0x00, 0x00, 0x00, 0x00, 0x00, 0x00, 0x00,
  0x00, 0x00, 0x00, 0x00, 0x00, 0x00, 0x03, 0xF0, 0x00, 0x0F, 0xFC, 0x00, 0x1C, 0x0E, 0x00, 0x3B, 0xB6, 0x00,
  0x37, 0xF3, 0x00, 0x76, 0x73, 0x00, 0x6C, 0x73, 0x00, 0x6C, 0x63, 0x00, 0x6C, 0x67, 0x00, 0x6C, 0xEE, 0x00,
  0x6F, 0xFC, 0x00, 0x37, 0x78, 0x00, 0x38, 0x03, 0x80, 0x1C, 0x0F, 0x00, 0x0F, 0xFE, 0x00, 0x03, 0xF8, 0x00,
  0x00, 0x00, 0x00, 0x00, 0x00, 0x00, 0x0E, 0x00, 0x0E, 0x00, 0x1B, 0x00, 0x1B, 0x00, 0x1B, 0x00, 0x31, 0x80,
  0x31, 0x80, 0x3F, 0x80, 0x7F, 0xC0, 0x60, 0xC0, 0x60, 0xC0, 0xC0, 0x60, 0x00, 0x00, 0x00, 0x00, 0x00, 0x00,
  0x00, 0x00, 0x00, 0x00, 0x00, 0x00, 0x00, 0x00, 0x7F, 0x80, 0x7F, 0xC0, 0x60, 0xC0, 0x60, 0xC0, 0x60, 0xC0,
  0x7F, 0x80, 0x7F, 0xC0, 0x60, 0x60, 0x60, 0x60, 0x60, 0x60, 0x7F, 0xC0, 0x7F, 0x80, 0x00, 0x00, 0x00, 0x00,
  0x00, 0x00, 0x00, 0x00, 0x00, 0x00, 0x00, 0x00, 0x00, 0x00, 0x0F, 0x80, 0x3F, 0xC0, 0x30, 0xE0, 0x70, 0x40,
  0x60, 0x00, 0x60, 0x00, 0x60, 0x00, 0x60, 0x00, 0x70, 0x40, 0x30, 0xE0, 0x3F, 0xC0, 0x0F, 0x80, 0x00, 0x00,
  0x00, 0x00, 0x00, 0x00, 0x00, 0x00, 0x00, 0x00, 0x00, 0x00, 0x00, 0x00, 0x7F, 0x00, 0x7F, 0xC0, 0x60, 0xC0,
  0x60, 0x60, 0x60, 0x60, 0x60, 0x60, 0x60, 0x60, 0x60, 0x60, 0x60, 0x60, 0x60, 0xC0, 0x7F, 0xC0, 0x7F, 0x00,
  0x00, 0x00, 0x00, 0x00, 0x00, 0x00, 0x00, 0x00, 0x00, 0x00, 0x00, 0x00, 0x00, 0x00, 0x7F, 0xC0, 0x7F, 0xC0,
  0x60, 0x00, 0x60, 0x00, 0x60, 0x00, 0x7F, 0xC0, 0x7F, 0xC0, 0x60, 0x00, 0x60, 0x00, 0x60, 0x00, 0x7F, 0xC0,
  0x7F, 0xC0, 0x00, 0x00, 0x00, 0x00, 0x00, 0x00, 0x00, 0x00, 0x00, 0x00, 0x00, 0x00, 0x00, 0x00, 0x7F, 0x80,
  0x7F, 0x80, 0x60, 0x00, 0x60, 0x00, 0x60, 0x00, 0x7F, 0x00, 0x7F, 0x00, 0x60, 0x00, 0x60, 0x00, 0x60, 0x00,
  0x60, 0x00, 0x60, 0x00, 0x00, 0x00, 0x00, 0x00, 0x00, 0x00, 0x00, 0x00, 0x00, 0x00, 0x00, 0x00, 0x00, 0x00,
  0x0F, 0xC0, 0x3F, 0xE0, 0x30, 0x70, 0x70, 0x20, 0x60, 0x00, 0x60, 0x00, 0x61, 0xF0, 0x61, 0xF0, 0x70, 0x30,
  0x30, 0x70, 0x3F, 0xF0, 0x0F, 0xC0, 0x00, 0x00, 0x00, 0x00, 0x00, 0x00, 0x00, 0x00, 0x00, 0x00, 0x00, 0x00,
  0x00, 0x00, 0x60, 0x60, 0x60, 0x60, 0x60, 0x60, 0x60, 0x60, 0x60, 0x60, 0x7F, 0xE0, 0x7F, 0xE0, 0x60, 0x60,
  0x60, 0x60, 0x60, 0x60, 0x60, 0x60, 0x60, 0x60, 0x00, 0x00, 0x00, 0x00, 0x00, 0x00, 0x00, 0x00, 0x00, 0x00,
  0x00, 0x60, 0x60, 0x60, 0x60, 0x60, 0x60, 0x60, 0x60, 0x60, 0x60, 0x60, 0x60, 0x00, 0x00, 0x00, 0x00, 0x00,
  0x00, 0x00, 0x00, 0x00, 0x00, 0x03, 0x00, 0x03, 0x00, 0x03, 0x00, 0x03, 0x00, 0x03, 0x00, 0x03, 0x00, 0x03,
  0x00, 0x03, 0x00, 0xC3, 0x00, 0xE7, 0x00, 0x7E, 0x00, 0x3C, 0x00, 0x00, 0x00, 0x00, 0x00, 0x00, 0x00, 0x00,
  0x00, 0x00, 0x00, 0x00, 0x00, 0x00, 0x00, 0x60, 0x60, 0x60, 0xC0, 0x61, 0x80, 0x63, 0x00, 0x66, 0x00, 0x6F,
  0x00, 0x7B, 0x80, 0x71, 0x80, 0x61, 0xC0, 0x60, 0xC0, 0x60, 0x60, 0x60, 0x60, 0x00, 0x00, 0x00, 0x00, 0x00,
  0x00, 0x00, 0x00, 0x00, 0x00, 0x00, 0x00, 0x00, 0x00, 0x60, 0x00, 0x60, 0x00, 0x60, 0x00, 0x60, 0x00, 0x60,
  0x00, 0x60, 0x00, 0x60, 0x00, 0x60, 0x00, 0x60, 0x00, 0x60, 0x00, 0x7F, 0x80, 0x7F, 0x80, 0x00, 0x00, 0x00,
  0x00, 0x00, 0x00, 0x00, 0x00, 0x00, 0x00, 0x00, 0x00, 0x00, 0x00, 0x70, 0x70, 0x70, 0x70, 0x78, 0xF0, 0x78,
  0xF0, 0x68, 0xB0, 0x6D, 0xB0, 0x6D, 0xB0, 0x6D, 0xB0, 0x67, 0x30, 0x67, 0x30, 0x67, 0x30, 0x62, 0x30, 0x00,
  0x00, 0x00, 0x00, 0x00, 0x00, 0x00, 0x00, 0x00, 0x00, 0x00, 0x00, 0x00, 0x00, 0x60, 0x60, 0x70, 0x60, 0x78,
  0x60, 0x78, 0x60, 0x6C, 0x60, 0x66, 0x60, 0x66, 0x60, 0x63, 0x60, 0x61, 0xE0, 0x61, 0xE0, 0x60, 0xE0, 0x60,
  0x60, 0x00, 0x00, 0x00, 0x00, 0x00, 0x00, 0x00, 0x00, 0x00, 0x00, 0x00, 0x00, 0x00, 0x00, 0x0F, 0x80, 0x3F,
  0xE0, 0x30, 0x60, 0x70, 0x30, 0x60, 0x30, 0x60, 0x30, 0x60, 0x30, 0x60, 0x30, 0x60, 0x30, 0x30, 0x60, 0x3F,
  0xE0, 0x0F, 0x80, 0x00, 0x00, 0x00, 0x00, 0x00, 0x00, 0x00, 0x00, 0x00, 0x00, 0x00, 0x00, 0x00, 0x00, 0x7F,
  0x00, 0x7F, 0x80, 0x61, 0xC0, 0x60, 0xC0, 0x61, 0xC0, 0x7F, 0x80, 0x7F, 0x00, 0x60, 0x00, 0x60, 0x00, 0x60,
  0x00, 0x60, 0x00, 0x60, 0x00, 0x00, 0x00, 0x00, 0x00, 0x00, 0x00, 0x00, 0x00, 0x00, 0x00, 0x00, 0x00, 0x00,
  0x00, 0x0F, 0x80, 0x3F, 0xE0, 0x30, 0x60, 0x70, 0x30, 0x60, 0x30, 0x60, 0x30, 0x60, 0x30, 0x60, 0x30, 0x63,
  0x70, 0x31, 0xE0, 0x3F, 0xE0, 0x0F, 0x60, 0x00, 0x30, 0x00, 0x00, 0x00, 0x00, 0x00, 0x00, 0x00, 0x00, 0x00,
  0x00, 0x00, 0x00, 0x7F, 0x80, 0x7F, 0xC0, 0x60, 0xE0, 0x60, 0x60, 0x60, 0xE0, 0x7F, 0xC0, 0x7F, 0x00, 0x63,
  0x80, 0x61, 0xC0, 0x60, 0xC0, 0x60, 0xE0, 0x60, 0x70, 0x00, 0x00, 0x00, 0x00, 0x00, 0x00, 0x00, 0x00, 0x00,
  0x00, 0x00, 0x00, 0x00, 0x00, 0x1F, 0x00, 0x3F, 0x80, 0x71, 0xC0, 0x60, 0xC0, 0x78, 0x00, 0x3F, 0x00, 0x0F,
  0x80, 0x01, 0xC0, 0x60, 0xC0, 0x71, 0xC0, 0x3F, 0x80, 0x1F, 0x00, 0x00, 0x00, 0x00, 0x00, 0x00, 0x00, 0x00,
  0x00, 0x00, 0x00, 0x00, 0x00, 0x00, 0x00, 0xFF, 0xC0, 0xFF, 0xC0, 0x0C, 0x00, 0x0C, 0x00, 0x0C, 0x00, 0x0C,
  0x00, 0x0C, 0x00, 0x0C, 0x00, 0x0C, 0x00, 0x0C, 0x00, 0x0C, 0x00, 0x0C, 0x00, 0x00, 0x00, 0x00, 0x00, 0x00,
  0x00, 0x00, 0x00, 0x00, 0x00, 0x00, 0x00, 0x00, 0x00, 0x60, 0x60, 0x60, 0x60, 0x60, 0x60, 0x60, 0x60, 0x60,
  0x60, 0x60, 0x60, 0x60, 0x60, 0x60, 0x60, 0x60, 0x60, 0x70, 0xE0, 0x3F, 0xC0, 0x1F, 0x80, 0x00, 0x00, 0x00,
  0x00, 0x00, 0x00, 0x00, 0x00, 0x00, 0x00, 0x00, 0x00, 0x00, 0x00, 0xC0, 0x60, 0x60, 0xC0, 0x60, 0xC0, 0x60,
  0xC0, 0x31, 0x80, 0x31, 0x80, 0x3B, 0x80, 0x1B, 0x00, 0x1B, 0x00, 0x0E, 0x00, 0x0E, 0x00, 0x0E, 0x00, 0x00,
  0x00, 0x00, 0x00, 0x00, 0x00, 0x00, 0x00, 0x00, 0x00, 0x00, 0x00, 0x00, 0x00, 0x00, 0x00, 0x00, 0xC1, 0xC1,
  0x80, 0xE1, 0xC1, 0x80, 0x63, 0xE3, 0x00, 0x63, 0x63, 0x00, 0x63, 0x63, 0x00, 0x37, 0x76, 0x00, 0x36, 0x36,
  0x00, 0x36, 0x36, 0x00, 0x1E, 0x3E, 0x00, 0x1C, 0x1C, 0x00, 0x1C, 0x1C, 0x00, 0x1C, 0x1C, 0x00, 0x00, 0x00,
  0x00, 0x00, 0x00, 0x00, 0x00, 0x00, 0x00, 0x00, 0x00, 0x00, 0x00, 0x00, 0x00, 0x00, 0x00, 0x00, 0x60, 0xC0,
  0x71, 0xC0, 0x31, 0x80, 0x1B, 0x00, 0x1F, 0x00, 0x0E, 0x00, 0x0E, 0x00, 0x1F, 0x00, 0x1B, 0x00, 0x31, 0x80,
  0x71, 0xC0, 0x60, 0xC0, 0x00, 0x00, 0x00, 0x00, 0x00, 0x00, 0x00, 0x00, 0x00, 0x00, 0x00, 0x00, 0x00, 0x00,
  0x60, 0x60, 0x70, 0xE0, 0x30, 0xC0, 0x19, 0x80, 0x19, 0x80, 0x0F, 0x00, 0x06, 0x00, 0x06, 0x00, 0x06, 0x00,
  0x06, 0x00, 0x06, 0x00, 0x06, 0x00, 0x00, 0x00, 0x00, 0x00, 0x00, 0x00, 0x00, 0x00, 0x00, 0x00, 0x00, 0x00,
  0x00, 0x00, 0x7F, 0x80, 0x7F, 0x80, 0x03, 0x00, 0x06, 0x00, 0x0E, 0x00, 0x0C, 0x00, 0x18, 0x00, 0x38, 0x00,
  0x30, 0x00, 0x60, 0x00, 0xFF, 0x80, 0xFF, 0x80, 0x00, 0x00, 0x00, 0x00, 0x00, 0x00, 0x00, 0x00, 0x00, 0x00,
  0x00, 0x78, 0x78, 0x60, 0x60, 0x60, 0x60, 0x60, 0x60, 0x60, 0x60, 0x60, 0x60, 0x60, 0x78, 0x78, 0x00, 0x00,
  0x00, 0x00, 0xC0, 0xC0, 0x60, 0x60, 0x60, 0x60, 0x30, 0x30, 0x30, 0x30, 0x18, 0x18, 0x00, 0x00, 0x00, 0x00,
  0x00, 0x00, 0x00, 0x78, 0x78, 0x18, 0x18, 0x18, 0x18, 0x18, 0x18, 0x18, 0x18, 0x18, 0x18, 0x18, 0x78, 0x78,
  0x00, 0x00, 0x00, 0x00, 0x00, 0x00, 0x00, 0x0C, 0x00, 0x1E, 0x00, 0x1E, 0x00, 0x33, 0x00, 0x33, 0x00, 0x33,
  0x00, 0x61, 0x80, 0x00, 0x00, 0x00, 0x00, 0x00, 0x00, 0x00, 0x00, 0x00, 0x00, 0x00, 0x00, 0x00, 0x00, 0x00,
  0x00, 0x00, 0x00, 0x00, 0x00, 0x00, 0x00, 0x00, 0x00, 0x00, 0x00, 0x00, 0x00, 0x00, 0x00, 0x00, 0x00, 0x00,
  0x00, 0x00, 0x00, 0x00, 0x00, 0x00, 0x00, 0x00, 0x00, 0x00, 0x00, 0x00, 0x00, 0x00, 0x00, 0x00, 0x00, 0xFF,
  0x80, 0xFF, 0x80, 0x00, 0x00, 0x00, 0x00, 0x00, 0x60, 0x30, 0x00, 0x00, 0x00, 0x00, 0x00, 0x00, 0x00, 0x00,
  0x00, 0x00, 0x00, 0x00, 0x00, 0x00, 0x00, 0x00, 0x00, 0x00, 0x00, 0x00, 0x00, 0x00, 0x00, 0x00, 0x00, 0x00,
  0x3E, 0x00, 0x7F, 0x00, 0x63, 0x00, 0x0F, 0x00, 0x3F, 0x00, 0x73, 0x00, 0x63, 0x00, 0x7F, 0x00, 0x3D, 0x80,
  0x00, 0x00, 0x00, 0x00, 0x00, 0x00, 0x00, 0x00, 0x00, 0x00, 0x00, 0x00, 0x00, 0x00, 0x60, 0x00, 0x60, 0x00,
  0x60, 0x00, 0x6E, 0x00, 0x7F, 0x00, 0x73, 0x80, 0x61, 0x80, 0x61, 0x80, 0x61, 0x80, 0x73, 0x80, 0x7F, 0x00,
  0x6E, 0x00, 0x00, 0x00, 0x00, 0x00, 0x00, 0x00, 0x00, 0x00, 0x00, 0x00, 0x00, 0x00, 0x00, 0x00, 0x00, 0x00,
  0x00, 0x00, 0x00, 0x00, 0x1E, 0x00, 0x3F, 0x00, 0x73, 0x00, 0x60, 0x00, 0x60, 0x00, 0x60, 0x00, 0x73, 0x00,
  0x3F, 0x00, 0x1E, 0x00, 0x00, 0x00, 0x00, 0x00, 0x00, 0x00, 0x00, 0x00, 0x00, 0x00, 0x00, 0x00, 0x00, 0x00,
  0x01, 0x80, 0x01, 0x80, 0x01, 0x80, 0x1D, 0x80, 0x3F, 0x80, 0x73, 0x80, 0x61, 0x80, 0x61, 0x80, 0x61, 0x80,
  0x73, 0x80, 0x3F, 0x80, 0x1D, 0x80, 0x00, 0x00, 0x00, 0x00, 0x00, 0x00, 0x00, 0x00, 0x00, 0x00, 0x00, 0x00,
  0x00, 0x00, 0x00, 0x00, 0x00, 0x00, 0x00, 0x00, 0x1C, 0x00, 0x3E, 0x00, 0x63, 0x00, 0x7F, 0x00, 0x7F, 0x00,
  0x60, 0x00, 0x73, 0x00, 0x3E, 0x00, 0x1C, 0x00, 0x00, 0x00, 0x00, 0x00, 0x00, 0x00, 0x00, 0x00, 0x00, 0x00,
  0x00, 0x3C, 0x7C, 0x60, 0xF8, 0xF8, 0x60, 0x60, 0x60, 0x60, 0x60, 0x60, 0x60, 0x00, 0x00, 0x00, 0x00, 0x00,
  0x00, 0x00, 0x00, 0x00, 0x00, 0x00, 0x00, 0x00, 0x00, 0x00, 0x00, 0x1D, 0x80, 0x3F, 0x80, 0x73, 0x80, 0x61,
  0x80, 0x61, 0x80, 0x61, 0x80, 0x73, 0x80, 0x3F, 0x80, 0x1D, 0x80, 0x61, 0x80, 0x7F, 0x80, 0x3F, 0x00, 0x00,
  0x00, 0x00, 0x00, 0x00, 0x00, 0x00, 0x00, 0x60, 0x00, 0x60, 0x00, 0x60, 0x00, 0x6F, 0x00, 0x7F, 0x80, 0x71,
  0x80, 0x61, 0x80, 0x61, 0x80, 0x61, 0x80, 0x61, 0x80, 0x61, 0x80, 0x61, 0x80, 0x00, 0x00, 0x00, 0x00, 0x00,
  0x00, 0x00, 0x00, 0x00, 0x00, 0x00, 0x60, 0x60, 0x00, 0x60, 0x60, 0x60, 0x60, 0x60, 0x60, 0x60, 0x60, 0x60,
  0x00, 0x00, 0x00, 0x00, 0x00, 0x00, 0x00, 0x30, 0x30, 0x00, 0x30, 0x30, 0x30, 0x30, 0x30, 0x30, 0x30, 0x30,
  0x30, 0x30, 0xF0, 0xE0, 0x00, 0x00, 0x00, 0x00, 0x00, 0x00, 0x00, 0x60, 0x00, 0x60, 0x00, 0x60, 0x00, 0x63,
  0x00, 0x66, 0x00, 0x6C, 0x00, 0x7C, 0x00, 0x7E, 0x00, 0x76, 0x00, 0x66, 0x00, 0x63, 0x00, 0x63, 0x00, 0x00,
  0x00, 0x00, 0x00, 0x00, 0x00, 0x00, 0x00, 0x00, 0x00, 0x00, 0x60, 0x60, 0x60, 0x60, 0x60, 0x60, 0x60, 0x60,
  0x60, 0x60, 0x60, 0x60, 0x00, 0x00, 0x00, 0x00, 0x00, 0x00, 0x00, 0x00, 0x00, 0x00, 0x00, 0x00, 0x00, 0x00,
  0x00, 0x00, 0x6E, 0x70, 0x7F, 0xF8, 0x73, 0x98, 0x63, 0x18, 0x63, 0x18, 0x63, 0x18, 0x63, 0x18, 0x63, 0x18,
  0x63, 0x18, 0x00, 0x00, 0x00, 0x00, 0x00, 0x00, 0x00, 0x00, 0x00, 0x00, 0x00, 0x00, 0x00, 0x00, 0x00, 0x00,
  0x00, 0x00, 0x00, 0x00, 0x6F, 0x00, 0x7F, 0x80, 0x71, 0x80, 0x61, 0x80, 0x61, 0x80, 0x61, 0x80, 0x61, 0x80,
  0x61, 0x80, 0x61, 0x80, 0x00, 0x00, 0x00, 0x00, 0x00, 0x00, 0x00, 0x00, 0x00, 0x00, 0x00, 0x00, 0x00, 0x00,
  0x00, 0x00, 0x00, 0x00, 0x00, 0x00, 0x1E, 0x00, 0x3F, 0x00, 0x73, 0x80, 0x61, 0x80, 0x61, 0x80, 0x61, 0x80,
  0x73, 0x80, 0x3F, 0x00, 0x1E, 0x00, 0x00, 0x00, 0x00, 0x00, 0x00, 0x00, 0x00, 0x00, 0x00, 0x00, 0x00, 0x00,
  0x00, 0x00, 0x00, 0x00, 0x00, 0x00, 0x00, 0x00, 0x6E, 0x00, 0x7F, 0x00, 0x73, 0x80, 0x61, 0x80, 0x61, 0x80,
  0x61, 0x80, 0x73, 0x80, 0x7F, 0x00, 0x6E, 0x00, 0x60, 0x00, 0x60, 0x00, 0x60, 0x00, 0x00, 0x00, 0x00, 0x00,
  0x00, 0x00, 0x00, 0x00, 0x00, 0x00, 0x00, 0x00, 0x00, 0x00, 0x1D, 0x80, 0x3F, 0x80, 0x73, 0x80, 0x61, 0x80,
  0x61, 0x80, 0x61, 0x80, 0x73, 0x80, 0x3F, 0x80, 0x1D, 0x80, 0x01, 0x80, 0x01, 0x80, 0x01, 0x80, 0x00, 0x00,
  0x00, 0x00, 0x00, 0x00, 0x00, 0x00, 0x6E, 0x7E, 0x70, 0x60, 0x60, 0x60, 0x60, 0x60, 0x60, 0x00, 0x00, 0x00,
  0x00, 0x00, 0x00, 0x00, 0x00, 0x00, 0x00, 0x00, 0x00, 0x00, 0x00, 0x00, 0x00, 0x3E, 0x00, 0x7F, 0x00, 0x63,
  0x00, 0x78, 0x00, 0x3E, 0x00, 0x07, 0x00, 0x63, 0x00, 0x7F, 0x00, 0x3E, 0x00, 0x00, 0x00, 0x00, 0x00, 0x00,
  0x00, 0x00, 0x00, 0x00, 0x00, 0x00, 0x20, 0x60, 0x60, 0xF8, 0xF8, 0x60, 0x60, 0x60, 0x60, 0x60, 0x78, 0x38,
  0x00, 0x00, 0x00, 0x00, 0x00, 0x00, 0x00, 0x00, 0x00, 0x00, 0x00, 0x00, 0x00, 0x00, 0x00, 0x00, 0x61, 0x80,
  0x61, 0x80, 0x61, 0x80, 0x61, 0x80, 0x61, 0x80, 0x61, 0x80, 0x63, 0x80, 0x7F, 0x80, 0x3D, 0x80, 0x00, 0x00,
  0x00, 0x00, 0x00, 0x00, 0x00, 0x00, 0x00, 0x00, 0x00, 0x00, 0x00, 0x00, 0x00, 0x00, 0x00, 0x00, 0x00, 0x00,
  0x63, 0x00, 0x63, 0x00, 0x63, 0x00, 0x36, 0x00, 0x36, 0x00, 0x36, 0x00, 0x1C, 0x00, 0x1C, 0x00, 0x1C, 0x00,
  0x00, 0x00, 0x00, 0x00, 0x00, 0x00, 0x00, 0x00, 0x00, 0x00, 0x00, 0x00, 0x00, 0x00, 0x00, 0x00, 0x00, 0x00,
  0x00, 0x00, 0xC7, 0x18, 0xC7, 0x18, 0x67, 0x30, 0x6D, 0xB0, 0x6D, 0xB0, 0x6D, 0xB0, 0x38, 0xE0, 0x38, 0xE0,
  0x38, 0xE0, 0x00, 0x00, 0x00, 0x00, 0x00, 0x00, 0x00, 0x00, 0x00, 0x00, 0x00, 0x00, 0x00, 0x00, 0x00, 0x00,
  0x00, 0x00, 0x00, 0x00, 0x63, 0x00, 0x77, 0x00, 0x36, 0x00, 0x1C, 0x00, 0x1C, 0x00, 0x1C, 0x00, 0x36, 0x00,
  0x77, 0x00, 0x63, 0x00, 0x00, 0x00, 0x00, 0x00, 0x00, 0x00, 0x00, 0x00, 0x00, 0x00, 0x00, 0x00, 0x00, 0x00,
  0x00, 0x00, 0x00, 0x00, 0x00, 0x00, 0xC1, 0x80, 0xC1, 0x80, 0x63, 0x00, 0x63, 0x00, 0x36, 0x00, 0x36, 0x00,
  0x3E, 0x00, 0x1C, 0x00, 0x1C, 0x00, 0x18, 0x00, 0x78, 0x00, 0x70, 0x00, 0x00, 0x00, 0x00, 0x00, 0x00, 0x00,
  0x00, 0x00, 0x00, 0x00, 0x00, 0x00, 0x00, 0x00, 0x7F, 0x00, 0x7F, 0x00, 0x06, 0x00, 0x0E, 0x00, 0x1C, 0x00,
  0x38, 0x00, 0x30, 0x00, 0x7F, 0x00, 0x7F, 0x00, 0x00, 0x00, 0x00, 0x00, 0x00, 0x00, 0x00, 0x00, 0x00, 0x00,
  0x00, 0x0E, 0x1E, 0x18, 0x18, 0x18, 0x18, 0x70, 0x70, 0x18, 0x18, 0x18, 0x18, 0x18, 0x1E, 0x0E, 0x00, 0x00,
  0x00, 0x00, 0x60, 0x60, 0x60, 0x60, 0x60, 0x60, 0x60, 0x60, 0x60, 0x60, 0x60, 0x60, 0x60, 0x60, 0x60, 0x60,
  0x00, 0x00, 0x00, 0xE0, 0xF0, 0x30, 0x30, 0x30, 0x30, 0x1C, 0x1C, 0x30, 0x30, 0x30, 0x30, 0x30, 0xF0, 0xE0,
  0x00, 0x00, 0x00, 0x00, 0x00, 0x00, 0x00, 0x00, 0x00, 0x00, 0x00, 0x00, 0x00, 0x00, 0x00, 0x00, 0x00, 0x78,
  0x80, 0xFF, 0x80, 0x8F, 0x00, 0x00, 0x00, 0x00, 0x00, 0x00, 0x00, 0x00, 0x00, 0x00, 0x00, 0x00, 0x00, 0x00,
  0x00, 0x00, 0x00, 0x0C, 0x00, 0x06, 0x00, 0x00, 0x00, 0x0E, 0x00, 0x0E, 0x00, 0x1B, 0x00, 0x1B, 0x00, 0x1B,
  0x00, 0x31, 0x80, 0x31, 0x80, 0x3F, 0x80, 0x7F, 0xC0, 0x60, 0xC0, 0x60, 0xC0, 0xC0, 0x60, 0x00, 0x00, 0x00,
  0x00, 0x00, 0x00, 0x00, 0x00, 0x03, 0x00, 0x06, 0x00, 0x00, 0x00, 0x0E, 0x00, 0x0E, 0x00, 0x1B, 0x00, 0x1B,
  0x00, 0x1B, 0x00, 0x31, 0x80, 0x31, 0x80, 0x3F, 0x80, 0x7F, 0xC0, 0x60, 0xC0, 0x60, 0xC0, 0xC0, 0x60, 0x00,
  0x00, 0x00, 0x00, 0x00, 0x00, 0x00, 0x00, 0x0E, 0x00, 0x1B, 0x00, 0x00, 0x00, 0x0E, 0x00, 0x0E, 0x00, 0x1B,
  0x00, 0x1B, 0x00, 0x1B, 0x00, 0x31, 0x80, 0x31, 0x80, 0x3F, 0x80, 0x7F, 0xC0, 0x60, 0xC0, 0x60, 0xC0, 0xC0,
  0x60, 0x00, 0x00, 0x00, 0x00, 0x00, 0x00, 0x00, 0x00, 0x1C, 0x80, 0x13, 0x80, 0x00, 0x00, 0x0E, 0x00, 0x0E,
  0x00, 0x1B, 0x00, 0x1B, 0x00, 0x1B, 0x00, 0x31, 0x80, 0x31, 0x80, 0x3F, 0x80, 0x7F, 0xC0, 0x60, 0xC0, 0x60,
  0xC0, 0xC0, 0x60, 0x00, 0x00, 0x00, 0x00, 0x00, 0x00, 0x00, 0x00, 0x0C, 0x00, 0x06, 0x00, 0x00, 0x00, 0x7F,
  0xC0, 0x7F, 0xC0, 0x60, 0x00, 0x60, 0x00, 0x60, 0x00, 0x7F, 0xC0, 0x7F, 0xC0, 0x60, 0x00, 0x60, 0x00, 0x60,
  0x00, 0x7F, 0xC0, 0x7F, 0xC0, 0x00, 0x00, 0x00, 0x00, 0x00, 0x00, 0x00, 0x00, 0x03, 0x00, 0x06, 0x00, 0x00,
  0x00, 0x7F, 0xC0, 0x7F, 0xC0, 0x60, 0x00, 0x60, 0x00, 0x60, 0x00, 0x7F, 0xC0, 0x7F, 0xC0, 0x60, 0x00, 0x60,
  0x00, 0x60, 0x00, 0x7F, 0xC0, 0x7F, 0xC0, 0x00, 0x00, 0x00, 0x00, 0x00, 0x00, 0x00, 0x00, 0x0E, 0x00, 0x1B,
  0x00, 0x00, 0x00, 0x7F, 0xC0, 0x7F, 0xC0, 0x60, 0x00, 0x60, 0x00, 0x60, 0x00, 0x7F, 0xC0, 0x7F, 0xC0, 0x60,
  0x00, 0x60, 0x00, 0x60, 0x00, 0x7F, 0xC0, 0x7F, 0xC0, 0x00, 0x00, 0x00, 0x00, 0x00, 0x00, 0x00, 0x00, 0x60,
  0x30, 0x00, 0x30, 0x30, 0x30, 0x30, 0x30, 0x30, 0x30, 0x30, 0x30, 0x30, 0x30, 0x30, 0x00, 0x00, 0x00, 0x00,
  0x30, 0x60, 0x00, 0x60, 0x60, 0x60, 0x60, 0x60, 0x60, 0x60, 0x60, 0x60, 0x60, 0x60, 0x60, 0x00, 0x00, 0x00,
  0x00, 0x06, 0x00, 0x03, 0x00, 0x00, 0x00, 0x0F, 0x80, 0x3F, 0xE0, 0x30, 0x60, 0x70, 0x30, 0x60, 0x30, 0x60,
  0x30, 0x60, 0x30, 0x60, 0x30, 0x60, 0x30, 0x30, 0x60, 0x3F, 0xE0, 0x0F, 0x80, 0x00, 0x00, 0x00, 0x00, 0x00,
  0x00, 0x00, 0x00, 0x03, 0x00, 0x06, 0x00, 0x00, 0x00, 0x0F, 0x80, 0x3F, 0xE0, 0x30, 0x60, 0x70, 0x30, 0x60,
  0x30, 0x60, 0x30, 0x60, 0x30, 0x60, 0x30, 0x60, 0x30, 0x30, 0x60, 0x3F, 0xE0, 0x0F, 0x80, 0x00, 0x00, 0x00,
  0x00, 0x00, 0x00, 0x00, 0x00, 0x07, 0x00, 0x0D, 0x80, 0x00, 0x00, 0x0F, 0x80, 0x3F, 0xE0, 0x30, 0x60, 0x70,
  0x30, 0x60, 0x30, 0x60, 0x30, 0x60, 0x30, 0x60, 0x30, 0x60, 0x30, 0x30, 0x60, 0x3F, 0xE0, 0x0F, 0x80, 0x00,
  0x00, 0x00, 0x00, 0x00, 0x00, 0x00, 0x00, 0x0E, 0x40, 0x09, 0xC0, 0x00, 0x00, 0x0F, 0x80, 0x3F, 0xE0, 0x30,
  0x60, 0x70, 0x30, 0x60, 0x30, 0x60, 0x30, 0x60, 0x30, 0x60, 0x30, 0x60, 0x30, 0x30, 0x60, 0x3F, 0xE0, 0x0F,
  0x80, 0x00, 0x00, 0x00, 0x00, 0x00, 0x00, 0x00, 0x00, 0x0C, 0x00, 0x06, 0x00, 0x00, 0x00, 0x60, 0x60, 0x60,
  0x60, 0x60, 0x60, 0x60, 0x60, 0x60, 0x60, 0x60, 0x60, 0x60, 0x60, 0x60, 0x60, 0x60, 0x60, 0x70, 0xE0, 0x3F,
  0xC0, 0x1F, 0x80, 0x00, 0x00, 0x00, 0x00, 0x00, 0x00, 0x00, 0x00, 0x03, 0x00, 0x06, 0x00, 0x00, 0x00, 0x60,
  0x60, 0x60, 0x60, 0x60, 0x60, 0x60, 0x60, 0x60, 0x60, 0x60, 0x60, 0x60, 0x60, 0x60, 0x60, 0x60, 0x60, 0x70,
  0xE0, 0x3F, 0xC0, 0x1F, 0x80, 0x00, 0x00, 0x00, 0x00, 0x00, 0x00, 0x00, 0x00, 0x03, 0x00, 0x06, 0x00, 0x00,
  0x00, 0x60, 0x60, 0x70, 0xE0, 0x30, 0xC0, 0x19, 0x80, 0x19, 0x80, 0x0F, 0x00, 0x06, 0x00, 0x06, 0x00, 0x06,
  0x00, 0x06, 0x00, 0x06, 0x00, 0x06, 0x00, 0x00, 0x00, 0x00, 0x00, 0x00, 0x00, 0x00, 0x00, 0x00, 0x00, 0x00,
  0x00, 0x00, 0x00, 0x18, 0x00, 0x0C, 0x00, 0x00, 0x00, 0x3E, 0x00, 0x7F, 0x00, 0x63, 0x00, 0x0F, 0x00, 0x3F,
  0x00, 0x73, 0x00, 0x63, 0x00, 0x7F, 0x00, 0x3D, 0x80, 0x00, 0x00, 0x00, 0x00, 0x00, 0x00, 0x00, 0x00, 0x00,
  0x00, 0x00, 0x00, 0x00, 0x00, 0x06, 0x00, 0x0C, 0x00, 0x00, 0x00, 0x3E, 0x00, 0x7F, 0x00, 0x63, 0x00, 0x0F,
  0x00, 0x3F, 0x00, 0x73, 0x00, 0x63, 0x00, 0x7F, 0x00, 0x3D, 0x80, 0x00, 0x00, 0x00, 0x00, 0x00, 0x00, 0x00,
  0x00, 0x00, 0x00, 0x00, 0x00, 0x00, 0x00, 0x1C, 0x00, 0x36, 0x00, 0x00, 0x00, 0x3E, 0x00, 0x7F, 0x00, 0x63,
  0x00, 0x0F, 0x00, 0x3F, 0x00, 0x73, 0x00, 0x63, 0x00, 0x7F, 0x00, 0x3D, 0x80, 0x00, 0x00, 0x00, 0x00, 0x00,
  0x00, 0x00, 0x00, 0x00, 0x00, 0x00, 0x00, 0x00, 0x00, 0x39, 0x00, 0x27, 0x00, 0x00, 0x00, 0x3E, 0x00, 0x7F,
  0x00, 0x63, 0x00, 0x0F, 0x00, 0x3F, 0x00, 0x73, 0x00, 0x63, 0x00, 0x7F, 0x00, 0x3D, 0x80, 0x00, 0x00, 0x00,
  0x00, 0x00, 0x00, 0x00, 0x00, 0x00, 0x00, 0x00, 0x00, 0x00, 0x00, 0x18, 0x00, 0x0C, 0x00, 0x00, 0x00, 0x1C,
  0x00, 0x3E, 0x00, 0x63, 0x00, 0x7F, 0x00, 0x7F, 0x00, 0x60, 0x00, 0x73, 0x00, 0x3E, 0x00, 0x1C, 0x00, 0x00,
  0x00, 0x00, 0x00, 0x00, 0x00, 0x00, 0x00, 0x00, 0x00, 0x00, 0x00, 0x00, 0x00, 0x0C, 0x00, 0x18, 0x00, 0x00,
  0x00, 0x1C, 0x00, 0x3E, 0x00, 0x63, 0x00, 0x7F, 0x00, 0x7F, 0x00, 0x60, 0x00, 0x73, 0x00, 0x3E, 0x00, 0x1C,
  0x00, 0x00, 0x00, 0x00, 0x00, 0x00, 0x00, 0x00, 0x00, 0x00, 0x00, 0x00, 0x00, 0x00, 0x00, 0x1C, 0x00, 0x34,
  0x00, 0x00, 0x00, 0x1C, 0x00, 0x3E, 0x00, 0x63, 0x00, 0x7F, 0x00, 0x7F, 0x00, 0x60, 0x00, 0x73, 0x00, 0x3E,
  0x00, 0x1C, 0x00, 0x00, 0x00, 0x00, 0x00, 0x00, 0x00, 0x00, 0x00, 0x00, 0x00, 0x00, 0x60, 0x30, 0x00, 0x30,
  0x30, 0x30, 0x30, 0x30, 0x30, 0x30, 0x30, 0x30, 0x00, 0x00, 0x00, 0x00, 0x00, 0x00, 0x00, 0x30, 0x60, 0x00,
  0x60, 0x60, 0x60, 0x60, 0x60, 0x60, 0x60, 0x60, 0x60, 0x00, 0x00, 0x00, 0x00, 0x00, 0x00, 0x00, 0x00, 0x00,
  0x00, 0x0C, 0x00, 0x06, 0x00, 0x00, 0x00, 0x1E, 0x00, 0x3F, 0x00, 0x73, 0x80, 0x61, 0x80, 0x61, 0x80, 0x61,
  0x80, 0x73, 0x80, 0x3F, 0x00, 0x1E, 0x00, 0x00, 0x00, 0x00, 0x00, 0x00, 0x00, 0x00, 0x00, 0x00, 0x00, 0x00,
  0x00, 0x00, 0x00, 0x06, 0x00, 0x0C, 0x00, 0x00, 0x00, 0x1E, 0x00, 0x3F, 0x00, 0x73, 0x80, 0x61, 0x80, 0x61,
  0x80, 0x61, 0x80, 0x73, 0x80, 0x3F, 0x00, 0x1E, 0x00, 0x00, 0x00, 0x00, 0x00, 0x00, 0x00, 0x00, 0x00, 0x00,
  0x00, 0x00, 0x00, 0x00, 0x00, 0x0E, 0x00, 0x1B, 0x00, 0x00, 0x00, 0x1E, 0x00, 0x3F, 0x00, 0x73, 0x80, 0x61,
  0x80, 0x61, 0x80, 0x61, 0x80, 0x73, 0x80, 0x3F, 0x00, 0x1E, 0x00, 0x00, 0x00, 0x00, 0x00, 0x00, 0x00, 0x00,
  0x00, 0x00, 0x00, 0x00, 0x00, 0x00, 0x00, 0x39, 0x00, 0x27, 0x00, 0x00, 0x00, 0x1E, 0x00, 0x3F, 0x00, 0x73,
  0x80, 0x61, 0x80, 0x61, 0x80, 0x61, 0x80, 0x73, 0x80, 0x3F, 0x00, 0x1E, 0x00, 0x00, 0x00, 0x00, 0x00, 0x00,
  0x00, 0x00, 0x00, 0x00, 0x00, 0x00, 0x00, 0x00, 0x00, 0x18, 0x00, 0x0C, 0x00, 0x00, 0x00, 0x61, 0x80, 0x61,
  0x80, 0x61, 0x80, 0x61, 0x80, 0x61, 0x80, 0x61, 0x80, 0x63, 0x80, 0x7F, 0x80, 0x3D, 0x80, 0x00, 0x00, 0x00,
  0x00, 0x00, 0x00, 0x00, 0x00, 0x00, 0x00, 0x00, 0x00, 0x00, 0x00, 0x06, 0x00, 0x0C, 0x00, 0x00, 0x00, 0x61,
  0x80, 0x61, 0x80, 0x61, 0x80, 0x61, 0x80, 0x61, 0x80, 0x61, 0x80, 0x63, 0x80, 0x7F, 0x80, 0x3D, 0x80, 0x00,
  0x00, 0x00, 0x00, 0x00, 0x00, 0x00, 0x00, 0x00, 0x00, 0x00, 0x00, 0x00, 0x00, 0x06, 0x00, 0x0C, 0x00, 0x00,
  0x00, 0xC1, 0x80, 0xC1, 0x80, 0x63, 0x00, 0x63, 0x00, 0x36, 0x00, 0x36, 0x00, 0x3E, 0x00, 0x1C, 0x00, 0x1C,
  0x00, 0x18, 0x00, 0x78, 0x00, 0x70, 0x00, 0x00, 0x00, 0x11, 0x00, 0x0E, 0x00, 0x00, 0x00, 0x0E, 0x00, 0x0E,
  0x00, 0x1B, 0x00, 0x1B, 0x00, 0x1B, 0x00, 0x31, 0x80, 0x31, 0x80, 0x3F, 0x80, 0x7F, 0xC0, 0x60, 0xC0, 0x60,
  0xC0, 0xC0, 0x60, 0x00, 0x00, 0x00, 0x00, 0x00, 0x00, 0x00, 0x00, 0x00, 0x00, 0x00, 0x00, 0x00, 0x00, 0x22,
  0x00, 0x1C, 0x00, 0x00, 0x00, 0x3E, 0x00, 0x7F, 0x00, 0x63, 0x00, 0x0F, 0x00, 0x3F, 0x00, 0x73, 0x00, 0x63,
  0x00, 0x7F, 0x00, 0x3D, 0x80, 0x00, 0x00, 0x00, 0x00, 0x00, 0x00, 0x00, 0x00, 0x00, 0x00, 0x00, 0x00, 0x00,
  0x00, 0x7F, 0x00, 0x7F, 0xC0, 0x60, 0xC0, 0x60, 0x60, 0x60, 0x60, 0xFC, 0x60, 0x60, 0x60, 0x60, 0x60, 0x60,
  0x60, 0x60, 0xC0, 0x7F, 0xC0, 0x7F, 0x00, 0x00, 0x00, 0x00, 0x00, 0x00, 0x00, 0x00, 0x00, 0x00, 0x00, 0x00,
  0x00, 0x00, 0x00, 0x01, 0x80, 0x0F, 0xC0, 0x01, 0x80, 0x1D, 0x80, 0x3F, 0x80, 0x73, 0x80, 0x61, 0x80, 0x61,
  0x80, 0x61, 0x80, 0x73, 0x80, 0x3F, 0x80, 0x1D, 0x80, 0x00, 0x00, 0x00, 0x00, 0x00, 0x00, 0x00, 0x00, 0xE8,
  0xB8, 0x00, 0x60, 0x60, 0x60, 0x60, 0x60, 0x60, 0x60, 0x60, 0x60, 0x60, 0x60, 0x60, 0x00, 0x00, 0x00, 0x00,
  0x00, 0x00, 0x00, 0xE8, 0xB8, 0x00, 0x60, 0x60, 0x60, 0x60, 0x60, 0x60, 0x60, 0x60, 0x60, 0x00, 0x00, 0x00,
  0x00, 0x0C, 0x80, 0x13, 0x80, 0x00, 0x00, 0x60, 0x60, 0x60, 0x60, 0x60, 0x60, 0x60, 0x60, 0x60, 0x60, 0x60,
  0x60, 0x60, 0x60, 0x60, 0x60, 0x60, 0x60, 0x70, 0xE0, 0x3F, 0xC0, 0x1F, 0x80, 0x00, 0x00, 0x00, 0x00, 0x00,
  0x00, 0x00, 0x00, 0x00, 0x00, 0x00, 0x00, 0x00, 0x00, 0x19, 0x00, 0x27, 0x00, 0x00, 0x00, 0x61, 0x80, 0x61,
  0x80, 0x61, 0x80, 0x61, 0x80, 0x61, 0x80, 0x61, 0x80, 0x63, 0x80, 0x7F, 0x80, 0x3D, 0x80, 0x00, 0x00, 0x00,
  0x00, 0x00, 0x00, 0x00, 0x00, 0x00, 0x00, 0x00, 0x00, 0x00, 0x00, 0x0F, 0x8C, 0x3F, 0xEC, 0x30, 0x64, 0x60,
  0x38, 0x60, 0x38, 0x60, 0x30, 0x60, 0x30, 0x60, 0x30, 0x60, 0x30, 0x30, 0x60, 0x3F, 0xE0, 0x0F, 0x80, 0x00,
  0x00, 0x00, 0x00, 0x00, 0x00, 0x00, 0x00, 0x00, 0x00, 0x00, 0x00, 0x00, 0x00, 0x00, 0x00, 0x00, 0x00, 0x00,
  0x00, 0x1E, 0x30, 0x3F, 0x30, 0x73, 0x90, 0x61, 0xA0, 0x61, 0xC0, 0x61, 0x80, 0x73, 0x80, 0x3F, 0x00, 0x1E,
  0x00, 0x00, 0x00, 0x00, 0x00, 0x00, 0x00, 0x00, 0x00, 0x00, 0x00, 0x00, 0x00, 0x00, 0x00, 0x60, 0x6C, 0x60,
  0x6C, 0x60, 0x64, 0x60, 0x68, 0x60, 0x70, 0x60, 0x60, 0x60, 0x60, 0x60, 0x60, 0x60, 0x60, 0x70, 0xE0, 0x3F,
  0xC0, 0x1F, 0x80, 0x00, 0x00, 0x00, 0x00, 0x00, 0x00, 0x00, 0x00, 0x00, 0x00, 0x00, 0x00, 0x00, 0x00, 0x00,
  0x00, 0x00, 0x00, 0x00, 0x00, 0x61, 0xB0, 0x61, 0xB0, 0x61, 0x90, 0x61, 0xA0, 0x61, 0xC0, 0x61, 0x80, 0x63,
  0x80, 0x7F, 0x80, 0x3D, 0x80, 0x00, 0x00, 0x00, 0x00, 0x00, 0x00, 0x00, 0x00, 0x00, 0x00, 0x00, 0x00, 0x00,
  0x00, 0x0E, 0x00, 0x0E, 0x00, 0x1B, 0x00, 0x1B, 0x00, 0x1B, 0x00, 0x31, 0x80, 0x31, 0x80, 0x3F, 0x80, 0x7F,
  0xC0, 0x60, 0xC0, 0x60, 0xC0, 0xC0, 0x60, 0x00, 0x00, 0x06, 0x00, 0x06, 0x00, 0x00, 0x00, 0x00, 0x00, 0x00,
  0x00, 0x00, 0x00, 0x00, 0x00, 0x00, 0x00, 0x00, 0x00, 0x3E, 0x00, 0x7F, 0x00, 0x63, 0x00, 0x0F, 0x00, 0x3F,
  0x00, 0x73, 0x00, 0x63, 0x00, 0x7F, 0x00, 0x3D, 0x80, 0x00, 0x00, 0x0C, 0x00, 0x0C, 0x00, 0x00, 0x00, 0x0E,
  0x00, 0x04, 0x00, 0x00, 0x00, 0x0E, 0x00, 0x0E, 0x00, 0x1B, 0x00, 0x1B, 0x00, 0x1B, 0x00, 0x31, 0x80, 0x31,
  0x80, 0x3F, 0x80, 0x7F, 0xC0, 0x60, 0xC0, 0x60, 0xC0, 0xC0, 0x60, 0x00, 0x00, 0x00, 0x00, 0x00, 0x00, 0x00,
  0x00, 0x00, 0x00, 0x00, 0x00, 0x1C, 0x00, 0x04, 0x00, 0x08, 0x00, 0x00, 0x00, 0x3E, 0x00, 0x7F, 0x00, 0x63,
  0x00, 0x0F, 0x00, 0x3F, 0x00, 0x73, 0x00, 0x63, 0x00, 0x7F, 0x00, 0x3D, 0x80, 0x00, 0x00, 0x00, 0x00, 0x00,
  0x00, 0x00, 0x00, 0x06, 0x00, 0x0C, 0x00, 0x0E, 0x00, 0x0E, 0x00, 0x0E, 0x00, 0x1B, 0x00, 0x1B, 0x00, 0x1B,
  0x00, 0x31, 0x80, 0x31, 0x80, 0x3F, 0x80, 0x7F, 0xC0, 0x60, 0xC0, 0x60, 0xC0, 0xC0, 0x60, 0x00, 0x00, 0x00,
  0x00, 0x00, 0x00, 0x00, 0x00, 0x0C, 0x00, 0x18, 0x00, 0x00, 0x00, 0x1C, 0x00, 0x36, 0x00, 0x00, 0x00, 0x3E,
  0x00, 0x7F, 0x00, 0x63, 0x00, 0x0F, 0x00, 0x3F, 0x00, 0x73, 0x00, 0x63, 0x00, 0x7F, 0x00, 0x3D, 0x80, 0x00,
  0x00, 0x00, 0x00, 0x00, 0x00, 0x00, 0x00, 0x0C, 0x00, 0x06, 0x00, 0x0E, 0x00, 0x0E, 0x00, 0x0E, 0x00, 0x1B,
  0x00, 0x1B, 0x00, 0x1B, 0x00, 0x31, 0x80, 0x31, 0x80, 0x3F, 0x80, 0x7F, 0xC0, 0x60, 0xC0, 0x60, 0xC0, 0xC0,
  0x60, 0x00, 0x00, 0x00, 0x00, 0x00, 0x00, 0x00, 0x00, 0x18, 0x00, 0x0C, 0x00, 0x00, 0x00, 0x1C, 0x00, 0x36,
  0x00, 0x00, 0x00, 0x3E, 0x00, 0x7F, 0x00, 0x63, 0x00, 0x0F, 0x00, 0x3F, 0x00, 0x73, 0x00, 0x63, 0x00, 0x7F,
  0x00, 0x3D, 0x80, 0x00, 0x00, 0x00, 0x00, 0x00, 0x00, 0x00, 0x00, 0x0E, 0x00, 0x04, 0x00, 0x0E, 0x00, 0x0E,
  0x00, 0x0E, 0x00, 0x1B, 0x00, 0x1B, 0x00, 0x1B, 0x00, 0x31, 0x80, 0x31, 0x80, 0x3F, 0x80, 0x7F, 0xC0, 0x60,
  0xC0, 0x60, 0xC0, 0xC0, 0x60, 0x00, 0x00, 0x00, 0x00, 0x00, 0x00, 0x00, 0x00, 0x1C, 0x00, 0x08, 0x00, 0x00,
  0x00, 0x1C, 0x00, 0x36, 0x00, 0x00, 0x00, 0x3E, 0x00, 0x7F, 0x00, 0x63, 0x00, 0x0F, 0x00, 0x3F, 0x00, 0x73,
  0x00, 0x63, 0x00, 0x7F, 0x00, 0x3D, 0x80, 0x00, 0x00, 0x00, 0x00, 0x00, 0x00, 0x00, 0x00, 0x0C, 0x80, 0x13,
  0x00, 0x0E, 0x00, 0x0E, 0x00, 0x0E, 0x00, 0x1B, 0x00, 0x1B, 0x00, 0x1B, 0x00, 0x31, 0x80, 0x31, 0x80, 0x3F,
  0x80, 0x7F, 0xC0, 0x60, 0xC0, 0x60, 0xC0, 0xC0, 0x60, 0x00, 0x00, 0x00, 0x00, 0x00, 0x00, 0x00, 0x00, 0x3A,
  0x00, 0x2E, 0x00, 0x00, 0x00, 0x1C, 0x00, 0x36, 0x00, 0x00, 0x00, 0x3E, 0x00, 0x7F, 0x00, 0x63, 0x00, 0x0F,
  0x00, 0x3F, 0x00, 0x73, 0x00, 0x63, 0x00, 0x7F, 0x00, 0x3D, 0x80, 0x00, 0x00, 0x00, 0x00, 0x00, 0x00, 0x00,
  0x00, 0x00, 0x00, 0x0E, 0x00, 0x00, 0x00, 0x0E, 0x00, 0x0E, 0x00, 0x1B, 0x00, 0x1B, 0x00, 0x1B, 0x00, 0x31,
  0x80, 0x31, 0x80, 0x3F, 0x80, 0x7F, 0xC0, 0x60, 0xC0, 0x60, 0xC0, 0xC0, 0x60, 0x00, 0x00, 0x06, 0x00, 0x06,
  0x00, 0x00, 0x00, 0x00, 0x00, 0x00, 0x00, 0x00, 0x00, 0x1C, 0x00, 0x36, 0x00, 0x00, 0x00, 0x3E, 0x00, 0x7F,
  0x00, 0x63, 0x00, 0x0F, 0x00, 0x3F, 0x00, 0x73, 0x00, 0x63, 0x00, 0x7F, 0x00, 0x3D, 0x80, 0x00, 0x00, 0x0C,
  0x00, 0x0C, 0x00, 0x00, 0x00, 0x06, 0x00, 0x0C, 0x00, 0x1F, 0x00, 0x0E, 0x00, 0x0E, 0x00, 0x1B, 0x00, 0x1B,
  0x00, 0x1B, 0x00, 0x31, 0x80, 0x31, 0x80, 0x3F, 0x80, 0x7F, 0xC0, 0x60, 0xC0, 0x60, 0xC0, 0xC0, 0x60, 0x00,
  0x00, 0x00, 0x00, 0x00, 0x00, 0x00, 0x00, 0x06, 0x00, 0x0C, 0x00, 0x00, 0x00, 0x22, 0x00, 0x1C, 0x00, 0x00,
  0x00, 0x3E, 0x00, 0x7F, 0x00, 0x63, 0x00, 0x0F, 0x00, 0x3F, 0x00, 0x73, 0x00, 0x63, 0x00, 0x7F, 0x00, 0x3D,
  0x80, 0x00, 0x00, 0x00, 0x00, 0x00, 0x00, 0x00, 0x00, 0x18, 0x00, 0x0C, 0x00, 0x1F, 0x00, 0x0E, 0x00, 0x0E,
  0x00, 0x1B, 0x00, 0x1B, 0x00, 0x1B, 0x00, 0x31, 0x80, 0x31, 0x80, 0x3F, 0x80, 0x7F, 0xC0, 0x60, 0xC0, 0x60,
  0xC0, 0xC0, 0x60, 0x00, 0x00, 0x00, 0x00, 0x00, 0x00, 0x00, 0x00, 0x18, 0x00, 0x0C, 0x00, 0x00, 0x00, 0x22,
  0x00, 0x1C, 0x00, 0x00, 0x00, 0x3E, 0x00, 0x7F, 0x00, 0x63, 0x00, 0x0F, 0x00, 0x3F, 0x00, 0x73, 0x00, 0x63,
  0x00, 0x7F, 0x00, 0x3D, 0x80, 0x00, 0x00, 0x00, 0x00, 0x00, 0x00, 0x00, 0x00, 0x0E, 0x00, 0x04, 0x00, 0x1F,
  0x00, 0x0E, 0x00, 0x0E, 0x00, 0x1B, 0x00, 0x1B, 0x00, 0x1B, 0x00, 0x31, 0x80, 0x31, 0x80, 0x3F, 0x80, 0x7F,
  0xC0, 0x60, 0xC0, 0x60, 0xC0, 0xC0, 0x60, 0x00, 0x00, 0x00, 0x00, 0x00, 0x00, 0x00, 0x00, 0x1C, 0x00, 0x08,
  0x00, 0x00, 0x00, 0x22, 0x00, 0x1C, 0x00, 0x00, 0x00, 0x3E, 0x00, 0x7F, 0x00, 0x63, 0x00, 0x0F, 0x00, 0x3F,
  0x00, 0x73, 0x00, 0x63, 0x00, 0x7F, 0x00, 0x3D, 0x80, 0x00, 0x00, 0x00, 0x00, 0x00, 0x00, 0x00, 0x00, 0x1C,
  0x80, 0x13, 0x00, 0x1F, 0x00, 0x0E, 0x00, 0x0E, 0x00, 0x1B, 0x00, 0x1B, 0x00, 0x1B, 0x00, 0x31, 0x80, 0x31,
  0x80, 0x3F, 0x80, 0x7F, 0xC0, 0x60, 0xC0, 0x60, 0xC0, 0xC0, 0x60, 0x00, 0x00, 0x00, 0x00, 0x00, 0x00, 0x00,
  0x00, 0x3A, 0x00, 0x2E, 0x00, 0x00, 0x00, 0x22, 0x00, 0x1C, 0x00, 0x00, 0x00, 0x3E, 0x00, 0x7F, 0x00, 0x63,
  0x00, 0x0F, 0x00, 0x3F, 0x00, 0x73, 0x00, 0x63, 0x00, 0x7F, 0x00, 0x3D, 0x80, 0x00, 0x00, 0x00, 0x00, 0x00,
  0x00, 0x00, 0x00, 0x00, 0x00, 0x1F, 0x00, 0x00, 0x00, 0x0E, 0x00, 0x0E, 0x00, 0x1B, 0x00, 0x1B, 0x00, 0x1B,
  0x00, 0x31, 0x80, 0x31, 0x80, 0x3F, 0x80, 0x7F, 0xC0, 0x60, 0xC0, 0x60, 0xC0, 0xC0, 0x60, 0x00, 0x00, 0x06,
  0x00, 0x06, 0x00, 0x00, 0x00, 0x00, 0x00, 0x00, 0x00, 0x00, 0x00, 0x22, 0x00, 0x1C, 0x00, 0x00, 0x00, 0x3E,
  0x00, 0x7F, 0x00, 0x63, 0x00, 0x0F, 0x00, 0x3F, 0x00, 0x73, 0x00, 0x63, 0x00, 0x7F, 0x00, 0x3D, 0x80, 0x00,
  0x00, 0x0C, 0x00, 0x0C, 0x00, 0x00, 0x00, 0x00, 0x00, 0x00, 0x00, 0x00, 0x00, 0x7F, 0xC0, 0x7F, 0xC0, 0x60,
  0x00, 0x60, 0x00, 0x60, 0x00, 0x7F, 0xC0, 0x7F, 0xC0, 0x60, 0x00, 0x60, 0x00, 0x60, 0x00, 0x7F, 0xC0, 0x7F,
  0xC0, 0x00, 0x00, 0x06, 0x00, 0x06, 0x00, 0x00, 0x00, 0x00, 0x00, 0x00, 0x00, 0x00, 0x00, 0x00, 0x00, 0x00,
  0x00, 0x00, 0x00, 0x1C, 0x00, 0x3E, 0x00, 0x63, 0x00, 0x7F, 0x00, 0x7F, 0x00, 0x60, 0x00, 0x73, 0x00, 0x3E,
  0x00, 0x1C, 0x00, 0x00, 0x00, 0x18, 0x00, 0x18, 0x00, 0x00, 0x00, 0x0E, 0x00, 0x04, 0x00, 0x00, 0x00, 0x7F,
  0xC0, 0x7F, 0xC0, 0x60, 0x00, 0x60, 0x00, 0x60, 0x00, 0x7F, 0xC0, 0x7F, 0xC0, 0x60, 0x00, 0x60, 0x00, 0x60,
  0x00, 0x7F, 0xC0, 0x7F, 0xC0, 0x00, 0x00, 0x00, 0x00, 0x00, 0x00, 0x00, 0x00, 0x00, 0x00, 0x00, 0x00, 0x1C,
  0x00, 0x04, 0x00, 0x08, 0x00, 0x00, 0x00, 0x1C, 0x00, 0x3E, 0x00, 0x63, 0x00, 0x7F, 0x00, 0x7F, 0x00, 0x60,
  0x00, 0x73, 0x00, 0x3E, 0x00, 0x1C, 0x00, 0x00, 0x00, 0x00, 0x00, 0x00, 0x00, 0x00, 0x00, 0x1C, 0x80, 0x13,
  0x80, 0x00, 0x00, 0x7F, 0xC0, 0x7F, 0xC0, 0x60, 0x00, 0x60, 0x00, 0x60, 0x00, 0x7F, 0xC0, 0x7F, 0xC0, 0x60,
  0x00, 0x60, 0x00, 0x60, 0x00, 0x7F, 0xC0, 0x7F, 0xC0, 0x00, 0x00, 0x00, 0x00, 0x00, 0x00, 0x00, 0x00, 0x00,
  0x00, 0x00, 0x00, 0x00, 0x00, 0x39, 0x00, 0x27, 0x00, 0x00, 0x00, 0x1C, 0x00, 0x3E, 0x00, 0x63, 0x00, 0x7F,
  0x00, 0x7F, 0x00, 0x60, 0x00, 0x73, 0x00, 0x3E, 0x00, 0x1C, 0x00, 0x00, 0x00, 0x00, 0x00, 0x00, 0x00, 0x00,
  0x00, 0x06, 0x00, 0x0C, 0x00, 0x0E, 0x00, 0x7F, 0xC0, 0x7F, 0xC0, 0x60, 0x00, 0x60, 0x00, 0x60, 0x00, 0x7F,
  0xC0, 0x7F, 0xC0, 0x60, 0x00, 0x60, 0x00, 0x60, 0x00, 0x7F, 0xC0, 0x7F, 0xC0, 0x00, 0x00, 0x00, 0x00, 0x00,
  0x00, 0x00, 0x00, 0x18, 0x00, 0x30, 0x00, 0x00, 0x00, 0x1C, 0x00, 0x34, 0x00, 0x00, 0x00, 0x1C, 0x00, 0x3E,
  0x00, 0x63, 0x00, 0x7F, 0x00, 0x7F, 0x00, 0x60, 0x00, 0x73, 0x00, 0x3E, 0x00, 0x1C, 0x00, 0x00, 0x00, 0x00,
  0x00, 0x00, 0x00, 0x00, 0x00, 0x0C, 0x00, 0x06, 0x00, 0x0E, 0x00, 0x7F, 0xC0, 0x7F, 0xC0, 0x60, 0x00, 0x60,
  0x00, 0x60, 0x00, 0x7F, 0xC0, 0x7F, 0xC0, 0x60, 0x00, 0x60, 0x00, 0x60, 0x00, 0x7F, 0xC0, 0x7F, 0xC0, 0x00,
  0x00, 0x00, 0x00, 0x00, 0x00, 0x00, 0x00, 0x30, 0x00, 0x18, 0x00, 0x00, 0x00, 0x1C, 0x00, 0x34, 0x00, 0x00,
  0x00, 0x1C, 0x00, 0x3E, 0x00, 0x63, 0x00, 0x7F, 0x00, 0x7F, 0x00, 0x60, 0x00, 0x73, 0x00, 0x3E, 0x00, 0x1C,
  0x00, 0x00, 0x00, 0x00, 0x00, 0x00, 0x00, 0x00, 0x00, 0x0E, 0x00, 0x04, 0x00, 0x0E, 0x00, 0x7F, 0xC0, 0x7F,
  0xC0, 0x60, 0x00, 0x60, 0x00, 0x60, 0x00, 0x7F, 0xC0, 0x7F, 0xC0, 0x60, 0x00, 0x60, 0x00, 0x60, 0x00, 0x7F,
  0xC0, 0x7F, 0xC0, 0x00, 0x00, 0x00, 0x00, 0x00, 0x00, 0x00, 0x00, 0x1C, 0x00, 0x08, 0x00, 0x00, 0x00, 0x1C,
  0x00, 0x34, 0x00, 0x00, 0x00, 0x1C, 0x00, 0x3E, 0x00, 0x63, 0x00, 0x7F, 0x00, 0x7F, 0x00, 0x60, 0x00, 0x73,
  0x00, 0x3E, 0x00, 0x1C, 0x00, 0x00, 0x00, 0x00, 0x00, 0x00, 0x00, 0x00, 0x00, 0x0C, 0x80, 0x13, 0x00, 0x0E,
  0x00, 0x7F, 0xC0, 0x7F, 0xC0, 0x60, 0x00, 0x60, 0x00, 0x60, 0x00, 0x7F, 0xC0, 0x7F, 0xC0, 0x60, 0x00, 0x60,
  0x00, 0x60, 0x00, 0x7F, 0xC0, 0x7F, 0xC0, 0x00, 0x00, 0x00, 0x00, 0x00, 0x00, 0x00, 0x00, 0x3A, 0x00, 0x2E,
  0x00, 0x00, 0x00, 0x1C, 0x00, 0x34, 0x00, 0x00, 0x00, 0x1C, 0x00, 0x3E, 0x00, 0x63, 0x00, 0x7F, 0x00, 0x7F,
  0x00, 0x60, 0x00, 0x73, 0x00, 0x3E, 0x00, 0x1C, 0x00, 0x00, 0x00, 0x00, 0x00, 0x00, 0x00, 0x00, 0x00, 0x00,
  0x00, 0x0E, 0x00, 0x00, 0x00, 0x7F, 0xC0, 0x7F, 0xC0, 0x60, 0x00, 0x60, 0x00, 0x60, 0x00, 0x7F, 0xC0, 0x7F,
  0xC0, 0x60, 0x00, 0x60, 0x00, 0x60, 0x00, 0x7F, 0xC0, 0x7F, 0xC0, 0x00, 0x00, 0x06, 0x00, 0x06, 0x00, 0x00,
  0x00, 0x00, 0x00, 0x00, 0x00, 0x00, 0x00, 0x1C, 0x00, 0x34, 0x00, 0x00, 0x00, 0x1C, 0x00, 0x3E, 0x00, 0x63,
  0x00, 0x7F, 0x00, 0x7F, 0x00, 0x60, 0x00, 0x73, 0x00, 0x3E, 0x00, 0x1C, 0x00, 0x00, 0x00, 0x18, 0x00, 0x18,
  0x00, 0x00, 0x00, 0x70, 0x20, 0x00, 0x60, 0x60, 0x60, 0x60, 0x60, 0x60, 0x60, 0x60, 0x60, 0x60, 0x60, 0x60,
  0x00, 0x00, 0x00, 0x00, 0x00, 0x00, 0xC0, 0x20, 0x40, 0x00, 0x60, 0x60, 0x60, 0x60, 0x60, 0x60, 0x60, 0x60,
  0x60, 0x00, 0x00, 0x00, 0x00, 0x00, 0x00, 0x00, 0x60, 0x60, 0x60, 0x60, 0x60, 0x60, 0x60, 0x60, 0x60, 0x60,
  0x60, 0x60, 0x00, 0x60, 0x60, 0x00, 0x00, 0x00, 0x00, 0x60, 0x60, 0x00, 0x60, 0x60, 0x60, 0x60, 0x60, 0x60,
  0x60, 0x60, 0x60, 0x00, 0x60, 0x60, 0x00, 0x00, 0x00, 0x00, 0x00, 0x00, 0x00, 0x0F, 0x80, 0x3F, 0xE0, 0x30,
  0x60, 0x70, 0x30, 0x60, 0x30, 0x60, 0x30, 0x60, 0x30, 0x60, 0x30, 0x60, 0x30, 0x30, 0x60, 0x3F, 0xE0, 0x0F,
  0x80, 0x00, 0x00, 0x06, 0x00, 0x06, 0x00, 0x00, 0x00, 0x00, 0x00, 0x00, 0x00, 0x00, 0x00, 0x00, 0x00, 0x00,
  0x00, 0x00, 0x00, 0x1E, 0x00, 0x3F, 0x00, 0x73, 0x80, 0x61, 0x80, 0x61, 0x80, 0x61, 0x80, 0x73, 0x80, 0x3F,
  0x00, 0x1E, 0x00, 0x00, 0x00, 0x0C, 0x00, 0x0C, 0x00, 0x00, 0x00, 0x07, 0x00, 0x02, 0x00, 0x00, 0x00, 0x0F,
  0x80, 0x3F, 0xE0, 0x30, 0x60, 0x70, 0x30, 0x60, 0x30, 0x60, 0x30, 0x60, 0x30, 0x60, 0x30, 0x60, 0x30, 0x30,
  0x60, 0x3F, 0xE0, 0x0F, 0x80, 0x00, 0x00, 0x00, 0x00, 0x00, 0x00, 0x00, 0x00, 0x00, 0x00, 0x00, 0x00, 0x0C,
  0x00, 0x04, 0x00, 0x04, 0x00, 0x00, 0x00, 0x1E, 0x00, 0x3F, 0x00, 0x73, 0x80, 0x61, 0x80, 0x61, 0x80, 0x61,
  0x80, 0x73, 0x80, 0x3F, 0x00, 0x1E, 0x00, 0x00, 0x00, 0x00, 0x00, 0x00, 0x00, 0x00, 0x00, 0x03, 0x00, 0x06,
  0x00, 0x07, 0x80, 0x0F, 0x80, 0x3F, 0xE0, 0x30, 0x60, 0x70, 0x30, 0x60, 0x30, 0x60, 0x30, 0x60, 0x30, 0x60,
  0x30, 0x60, 0x30, 0x30, 0x60, 0x3F, 0xE0, 0x0F, 0x80, 0x00, 0x00, 0x00, 0x00, 0x00, 0x00, 0x00, 0x00, 0x06,
  0x00, 0x0C, 0x00, 0x00, 0x00, 0x0E, 0x00, 0x1B, 0x00, 0x00, 0x00, 0x1E, 0x00, 0x3F, 0x00, 0x73, 0x80, 0x61,
  0x80, 0x61, 0x80, 0x61, 0x80, 0x73, 0x80, 0x3F, 0x00, 0x1E, 0x00, 0x00, 0x00, 0x00, 0x00, 0x00, 0x00, 0x00,
  0x00, 0x06, 0x00, 0x03, 0x00, 0x07, 0x80, 0x0F, 0x80, 0x3F, 0xE0, 0x30, 0x60, 0x70, 0x30, 0x60, 0x30, 0x60,
  0x30, 0x60, 0x30, 0x60, 0x30, 0x60, 0x30, 0x30, 0x60, 0x3F, 0xE0, 0x0F, 0x80, 0x00, 0x00, 0x00, 0x00, 0x00,
  0x00, 0x00, 0x00, 0x0C, 0x00, 0x06, 0x00, 0x00, 0x00, 0x0E, 0x00, 0x1B, 0x00, 0x00, 0x00, 0x1E, 0x00, 0x3F,
  0x00, 0x73, 0x80, 0x61, 0x80, 0x61, 0x80, 0x61, 0x80, 0x73, 0x80, 0x3F, 0x00, 0x1E, 0x00, 0x00, 0x00, 0x00,
  0x00, 0x00, 0x00, 0x00, 0x00, 0x07, 0x00, 0x02, 0x00, 0x07, 0x80, 0x0F, 0x80, 0x3F, 0xE0, 0x30, 0x60, 0x70,
  0x30, 0x60, 0x30, 0x60, 0x30, 0x60, 0x30, 0x60, 0x30, 0x60, 0x30, 0x30, 0x60, 0x3F, 0xE0, 0x0F, 0x80, 0x00,
  0x00, 0x00, 0x00, 0x00, 0x00, 0x00, 0x00, 0x0F, 0x00, 0x02, 0x00, 0x00, 0x00, 0x0E, 0x00, 0x1B, 0x00, 0x00,
  0x00, 0x1E, 0x00, 0x3F, 0x00, 0x73, 0x80, 0x61, 0x80, 0x61, 0x80, 0x61, 0x80, 0x73, 0x80, 0x3F, 0x00, 0x1E,
  0x00, 0x00, 0x00, 0x00, 0x00, 0x00, 0x00, 0x00, 0x00, 0x07, 0x40, 0x04, 0xC0, 0x07, 0x80, 0x0F, 0x80, 0x3F,
  0xE0, 0x30, 0x60, 0x70, 0x30, 0x60, 0x30, 0x60, 0x30, 0x60, 0x30, 0x60, 0x30, 0x60, 0x30, 0x30, 0x60, 0x3F,
  0xE0, 0x0F, 0x80, 0x00, 0x00, 0x00, 0x00, 0x00, 0x00, 0x00, 0x00, 0x0C, 0x80, 0x13, 0x00, 0x00, 0x00, 0x0E,
  0x00, 0x1B, 0x00, 0x00, 0x00, 0x1E, 0x00, 0x3F, 0x00, 0x73, 0x80, 0x61, 0x80, 0x61, 0x80, 0x61, 0x80, 0x73,
  0x80, 0x3F, 0x00, 0x1E, 0x00, 0x00, 0x00, 0x00, 0x00, 0x00, 0x00, 0x00, 0x00, 0x00, 0x00, 0x07, 0x80, 0x00,
  0x00, 0x0F, 0x80, 0x3F, 0xE0, 0x30, 0x60, 0x70, 0x30, 0x60, 0x30, 0x60, 0x30, 0x60, 0x30, 0x60, 0x30, 0x60,
  0x30, 0x30, 0x60, 0x3F, 0xE0, 0x0F, 0x80, 0x00, 0x00, 0x06, 0x00, 0x06, 0x00, 0x00, 0x00, 0x00, 0x00, 0x00,
  0x00, 0x00, 0x00, 0x0E, 0x00, 0x1B, 0x00, 0x00, 0x00, 0x1E, 0x00, 0x3F, 0x00, 0x73, 0x80, 0x61, 0x80, 0x61,
  0x80, 0x61, 0x80, 0x73, 0x80, 0x3F, 0x00, 0x1E, 0x00, 0x00, 0x00, 0x0C, 0x00, 0x0C, 0x00, 0x00, 0x00, 0x03,
  0x00, 0x06, 0x00, 0x00, 0x00, 0x0F, 0x8C, 0x3F, 0xEC, 0x30, 0x64, 0x60, 0x38, 0x60, 0x38, 0x60, 0x30, 0x60,
  0x30, 0x60, 0x30, 0x60, 0x30, 0x30, 0x60, 0x3F, 0xE0, 0x0F, 0x80, 0x00, 0x00, 0x00, 0x00, 0x00, 0x00, 0x00,
  0x00, 0x00, 0x00, 0x00, 0x00, 0x00, 0x00, 0x06, 0x00, 0x0C, 0x00, 0x00, 0x00, 0x1E, 0x30, 0x3F, 0x30, 0x73,
  0x90, 0x61, 0xA0, 0x61, 0xC0, 0x61, 0x80, 0x73, 0x80, 0x3F, 0x00, 0x1E, 0x00, 0x00, 0x00, 0x00, 0x00, 0x00,
  0x00, 0x00, 0x00, 0x06, 0x00, 0x03, 0x00, 0x00, 0x00, 0x0F, 0x8C, 0x3F, 0xEC, 0x30, 0x64, 0x60, 0x38, 0x60,
  0x38, 0x60, 0x30, 0x60, 0x30, 0x60, 0x30, 0x60, 0x30, 0x30, 0x60, 0x3F, 0xE0, 0x0F, 0x80, 0x00, 0x00, 0x00,
  0x00, 0x00, 0x00, 0x00, 0x00, 0x00, 0x00, 0x00, 0x00, 0x00, 0x00, 0x0C, 0x00, 0x06, 0x00, 0x00, 0x00, 0x1E,
  0x30, 0x3F, 0x30, 0x73, 0x90, 0x61, 0xA0, 0x61, 0xC0, 0x61, 0x80, 0x73, 0x80, 0x3F, 0x00, 0x1E, 0x00, 0x00,
  0x00, 0x00, 0x00, 0x00, 0x00, 0x00, 0x00, 0x07, 0x00, 0x02, 0x00, 0x00, 0x00, 0x0F, 0x8C, 0x3F, 0xEC, 0x30,
  0x64, 0x60, 0x38, 0x60, 0x38, 0x60, 0x30, 0x60, 0x30, 0x60, 0x30, 0x60, 0x30, 0x30, 0x60, 0x3F, 0xE0, 0x0F,
  0x80, 0x00, 0x00, 0x00, 0x00, 0x00, 0x00, 0x00, 0x00, 0x00, 0x00, 0x00, 0x00, 0x0C, 0x00, 0x04, 0x00, 0x04,
  0x00, 0x00, 0x00, 0x1E, 0x30, 0x3F, 0x30, 0x73, 0x90, 0x61, 0xA0, 0x61, 0xC0, 0x61, 0x80, 0x73, 0x80, 0x3F,
  0x00, 0x1E, 0x00, 0x00, 0x00, 0x00, 0x00, 0x00, 0x00, 0x00, 0x00, 0x0E, 0x40, 0x09, 0xC0, 0x00, 0x00, 0x0F,
  0x8C, 0x3F, 0xEC, 0x30, 0x64, 0x60, 0x38, 0x60, 0x38, 0x60, 0x30, 0x60, 0x30, 0x60, 0x30, 0x60, 0x30, 0x30,
  0x60, 0x3F, 0xE0, 0x0F, 0x80, 0x00, 0x00, 0x00, 0x00, 0x00, 0x00, 0x00, 0x00, 0x00, 0x00, 0x00, 0x00, 0x00,
  0x00, 0x19, 0x00, 0x37, 0x00, 0x00, 0x00, 0x1E, 0x30, 0x3F, 0x30, 0x73, 0x90, 0x61, 0xA0, 0x61, 0xC0, 0x61,
  0x80, 0x73, 0x80, 0x3F, 0x00, 0x1E, 0x00, 0x00, 0x00, 0x00, 0x00, 0x00, 0x00, 0x00, 0x00, 0x00, 0x00, 0x00,
  0x00, 0x00, 0x00, 0x0F, 0x8C, 0x3F, 0xEC, 0x30, 0x64, 0x60, 0x38, 0x60, 0x38, 0x60, 0x30, 0x60, 0x30, 0x60,
  0x30, 0x60, 0x30, 0x30, 0x60, 0x3F, 0xE0, 0x0F, 0x80, 0x00, 0x00, 0x06, 0x00, 0x06, 0x00, 0x00, 0x00, 0x00,
  0x00, 0x00, 0x00, 0x00, 0x00, 0x00, 0x00, 0x00, 0x00, 0x00, 0x00, 0x1E, 0x30, 0x3F, 0x30, 0x73, 0x90, 0x61,
  0xA0, 0x61, 0xC0, 0x61, 0x80, 0x73, 0x80, 0x3F, 0x00, 0x1E, 0x00, 0x00, 0x00, 0x0C, 0x00, 0x0C, 0x00, 0x00,
  0x00, 0x00, 0x00, 0x00, 0x00, 0x00, 0x00, 0x60, 0x60, 0x60, 0x60, 0x60, 0x60, 0x60, 0x60, 0x60, 0x60, 0x60,
  0x60, 0x60, 0x60, 0x60, 0x60, 0x60, 0x60, 0x70, 0xE0, 0x3F, 0xC0, 0x1F, 0x80, 0x00, 0x00, 0x06, 0x00, 0x06,
  0x00, 0x00, 0x00, 0x00, 0x00, 0x00, 0x00, 0x00, 0x00, 0x00, 0x00, 0x00, 0x00, 0x00, 0x00, 0x61, 0x80, 0x61,
  0x80, 0x61, 0x80, 0x61, 0x80, 0x61, 0x80, 0x61, 0x80, 0x63, 0x80, 0x7F, 0x80, 0x3D, 0x80, 0x00, 0x00, 0x06,
  0x00, 0x06, 0x00, 0x00, 0x00, 0x0E, 0x00, 0x04, 0x00, 0x00, 0x00, 0x60, 0x60, 0x60, 0x60, 0x60, 0x60, 0x60,
  0x60, 0x60, 0x60, 0x60, 0x60, 0x60, 0x60, 0x60, 0x60, 0x60, 0x60, 0x70, 0xE0, 0x3F, 0xC0, 0x1F, 0x80, 0x00,
  0x00, 0x00, 0x00, 0x00, 0x00, 0x00, 0x00, 0x00, 0x00, 0x00, 0x00, 0x0C, 0x00, 0x04, 0x00, 0x04, 0x00, 0x00,
  0x00, 0x61, 0x80, 0x61, 0x80, 0x61, 0x80, 0x61, 0x80, 0x61, 0x80, 0x61, 0x80, 0x63, 0x80, 0x7F, 0x80, 0x3D,
  0x80, 0x00, 0x00, 0x00, 0x00, 0x00, 0x00, 0x00, 0x00, 0x03, 0x00, 0x06, 0x00, 0x00, 0x00, 0x60, 0x6C, 0x60,
  0x6C, 0x60, 0x64, 0x60, 0x68, 0x60, 0x70, 0x60, 0x60, 0x60, 0x60, 0x60, 0x60, 0x60, 0x60, 0x70, 0xE0, 0x3F,
  0xC0, 0x1F, 0x80, 0x00, 0x00, 0x00, 0x00, 0x00, 0x00, 0x00, 0x00, 0x00, 0x00, 0x00, 0x00, 0x00, 0x00, 0x06,
  0x00, 0x0C, 0x00, 0x00, 0x00, 0x61, 0xB0, 0x61, 0xB0, 0x61, 0x90, 0x61, 0xA0, 0x61, 0xC0, 0x61, 0x80, 0x63,
  0x80, 0x7F, 0x80, 0x3D, 0x80, 0x00, 0x00, 0x00, 0x00, 0x00, 0x00, 0x00, 0x00, 0x0C, 0x00, 0x06, 0x00, 0x00,
  0x00, 0x60, 0x6C, 0x60, 0x6C, 0x60, 0x64, 0x60, 0x68, 0x60, 0x70, 0x60, 0x60, 0x60, 0x60, 0x60, 0x60, 0x60,
  0x60, 0x70, 0xE0, 0x3F, 0xC0, 0x1F, 0x80, 0x00, 0x00, 0x00, 0x00, 0x00, 0x00, 0x00, 0x00, 0x00, 0x00, 0x00,
  0x00, 0x00, 0x00, 0x18, 0x00, 0x0C, 0x00, 0x00, 0x00, 0x61, 0xB0, 0x61, 0xB0, 0x61, 0x90, 0x61, 0xA0, 0x61,
  0xC0, 0x61, 0x80, 0x63, 0x80, 0x7F, 0x80, 0x3D, 0x80, 0x00, 0x00, 0x00, 0x00, 0x00, 0x00, 0x00, 0x00, 0x0E,
  0x00, 0x04, 0x00, 0x00, 0x00, 0x60, 0x6C, 0x60, 0x6C, 0x60, 0x64, 0x60, 0x68, 0x60, 0x70, 0x60, 0x60, 0x60,
  0x60, 0x60, 0x60, 0x60, 0x60, 0x70, 0xE0, 0x3F, 0xC0, 0x1F, 0x80, 0x00, 0x00, 0x00, 0x00, 0x00, 0x00, 0x00,
  0x00, 0x00, 0x00, 0x00, 0x00, 0x0C, 0x00, 0x04, 0x00, 0x04, 0x00, 0x00, 0x00, 0x61, 0xB0, 0x61, 0xB0, 0x61,
  0x90, 0x61, 0xA0, 0x61, 0xC0, 0x61, 0x80, 0x63, 0x80, 0x7F, 0x80, 0x3D, 0x80, 0x00, 0x00, 0x00, 0x00, 0x00,
  0x00, 0x00, 0x00, 0x0C, 0x80, 0x13, 0x80, 0x00, 0x00, 0x60, 0x6C, 0x60, 0x6C, 0x60, 0x64, 0x60, 0x68, 0x60,
  0x70, 0x60, 0x60, 0x60, 0x60, 0x60, 0x60, 0x60, 0x60, 0x70, 0xE0, 0x3F, 0xC0, 0x1F, 0x80, 0x00, 0x00, 0x00,
  0x00, 0x00, 0x00, 0x00, 0x00, 0x00, 0x00, 0x00, 0x00, 0x00, 0x00, 0x19, 0x00, 0x27, 0x00, 0x00, 0x00, 0x61,
  0xB0, 0x61, 0xB0, 0x61, 0x90, 0x61, 0xA0, 0x61, 0xC0, 0x61, 0x80, 0x63, 0x80, 0x7F, 0x80, 0x3D, 0x80, 0x00,
  0x00, 0x00, 0x00, 0x00, 0x00, 0x00, 0x00, 0x00, 0x00, 0x00, 0x00, 0x00, 0x00, 0x60, 0x6C, 0x60, 0x6C, 0x60,
  0x64, 0x60, 0x68, 0x60, 0x70, 0x60, 0x60, 0x60, 0x60, 0x60, 0x60, 0x60, 0x60, 0x70, 0xE0, 0x3F, 0xC0, 0x1F,
  0x80, 0x00, 0x00, 0x06, 0x00, 0x06, 0x00, 0x00, 0x00, 0x00, 0x00, 0x00, 0x00, 0x00, 0x00, 0x00, 0x00, 0x00,
  0x00, 0x00, 0x00, 0x61, 0xB0, 0x61, 0xB0, 0x61, 0x90, 0x61, 0xA0, 0x61, 0xC0, 0x61, 0x80, 0x63, 0x80, 0x7F,
  0x80, 0x3D, 0x80, 0x00, 0x00, 0x06, 0x00, 0x06, 0x00, 0x00, 0x00, 0x0C, 0x00, 0x06, 0x00, 0x00, 0x00, 0x60,
  0x60, 0x70, 0xE0, 0x30, 0xC0, 0x19, 0x80, 0x19, 0x80, 0x0F, 0x00, 0x06, 0x00, 0x06, 0x00, 0x06, 0x00, 0x06,
  0x00, 0x06, 0x00, 0x06, 0x00, 0x00, 0x00, 0x00, 0x00, 0x00, 0x00, 0x00, 0x00, 0x00, 0x00, 0x00, 0x00, 0x00,
  0x00, 0x18, 0x00, 0x0C, 0x00, 0x00, 0x00, 0xC1, 0x80, 0xC1, 0x80, 0x63, 0x00, 0x63, 0x00, 0x36, 0x00, 0x36,
  0x00, 0x3E, 0x00, 0x1C, 0x00, 0x1C, 0x00, 0x18, 0x00, 0x78, 0x00, 0x70, 0x00, 0x00, 0x00, 0x00, 0x00, 0x00,
  0x00, 0x00, 0x00, 0x60, 0x60, 0x70, 0xE0, 0x30, 0xC0, 0x19, 0x80, 0x19, 0x80, 0x0F, 0x00, 0x06, 0x00, 0x06,
  0x00, 0x06, 0x00, 0x06, 0x00, 0x06, 0x00, 0x06, 0x00, 0x00, 0x00, 0x06, 0x00, 0x06, 0x00, 0x00, 0x00, 0x00,
  0x00, 0x00, 0x00, 0x00, 0x00, 0x00, 0x00, 0x00, 0x00, 0x00, 0x00, 0xC1, 0x80, 0xC1, 0x80, 0x63, 0x00, 0x63,
  0x00, 0x36, 0x00, 0x36, 0x00, 0x3E, 0x00, 0x1C, 0x00, 0x1C, 0x00, 0x18, 0x00, 0x7B, 0x00, 0x73, 0x00, 0x00,
  0x00, 0x07, 0x00, 0x02, 0x00, 0x00, 0x00, 0x60, 0x60, 0x70, 0xE0, 0x30, 0xC0, 0x19, 0x80, 0x19, 0x80, 0x0F,
  0x00, 0x06, 0x00, 0x06, 0x00, 0x06, 0x00, 0x06, 0x00, 0x06, 0x00, 0x06, 0x00, 0x00, 0x00, 0x00, 0x00, 0x00,
  0x00, 0x00, 0x00, 0x00, 0x00, 0x00, 0x00, 0x1C, 0x00, 0x04, 0x00, 0x08, 0x00, 0x00, 0x00, 0xC1, 0x80, 0xC1,
  0x80, 0x63, 0x00, 0x63, 0x00, 0x36, 0x00, 0x36, 0x00, 0x3E, 0x00, 0x1C, 0x00, 0x1C, 0x00, 0x18, 0x00, 0x78,
  0x00, 0x70, 0x00, 0x00, 0x00, 0x0C, 0x80, 0x13, 0x80, 0x00, 0x00, 0x60, 0x60, 0x70, 0xE0, 0x30, 0xC0, 0x19,
  0x80, 0x19, 0x80, 0x0F, 0x00, 0x06, 0x00, 0x06, 0x00, 0x06, 0x00, 0x06, 0x00, 0x06, 0x00, 0x06, 0x00, 0x00,
  0x00, 0x00, 0x00, 0x00, 0x00, 0x00, 0x00, 0x00, 0x00, 0x00, 0x00, 0x00, 0x00, 0x39, 0x00, 0x27, 0x00, 0x00,
  0x00, 0xC1, 0x80, 0xC1, 0x80, 0x63, 0x00, 0x63, 0x00, 0x36, 0x00, 0x36, 0x00, 0x3E, 0x00, 0x1C, 0x00, 0x1C,
  0x00, 0x18, 0x00, 0x78, 0x00, 0x70, 0x00, 0x00, 0x00,
};
static const VietnameseGlyph VI_FONT_3_GLYPHS[] PROGMEM = {
  {0x0020, 0u, 5, 5, 1},
  {0x0021, 19u, 6, 6, 1},
  {0x0022, 38u, 8, 8, 1},
  {0x0023, 57u, 10, 9, 2},
  {0x0024, 95u, 9, 9, 2},
  {0x0025, 133u, 16, 16, 2},
  {0x0026, 171u, 12, 12, 2},
  {0x0027, 209u, 4, 4, 1},
  {0x0028, 228u, 6, 6, 1},
  {0x0029, 247u, 6, 6, 1},
  {0x002A, 266u, 7, 7, 1},
  {0x002B, 285u, 10, 10, 2},
  {0x002C, 323u, 5, 5, 1},
  {0x002D, 342u, 6, 6, 1},
  {0x002E, 361u, 5, 5, 1},
  {0x002F, 380u, 6, 5, 1},
  {0x0030, 399u, 9, 9, 2},
  {0x0031, 437u, 9, 9, 2},
  {0x0032, 475u, 9, 9, 2},
  {0x0033, 513u, 9, 9, 2},
  {0x0034, 551u, 9, 9, 2},
  {0x0035, 589u, 9, 9, 2},
  {0x0036, 627u, 9, 9, 2},
  {0x0037, 665u, 9, 9, 2},
  {0x0038, 703u, 9, 9, 2},
  {0x0039, 741u, 9, 9, 2},
  {0x003A, 779u, 6, 6, 1},
  {0x003B, 798u, 6, 6, 1},
  {0x003C, 817u, 10, 10, 2},
  {0x003D, 855u, 10, 10, 2},
  {0x003E, 893u, 10, 10, 2},
  {0x003F, 931u, 10, 10, 2},
  {0x0040, 969u, 17, 17, 3},
  {0x0041, 1026u, 11, 11, 2},
  {0x0042, 1064u, 12, 12, 2},
  {0x0043, 1102u, 12, 12, 2},
  {0x0044, 1140u, 12, 12, 2},
  {0x0045, 1178u, 11, 11, 2},
  {0x0046, 1216u, 10, 10, 2},
  {0x0047, 1254u, 13, 13, 2},
  {0x0048, 1292u, 12, 12, 2},
  {0x0049, 1330u, 4, 4, 1},
  {0x004A, 1349u, 9, 9, 2},
  {0x004B, 1387u, 12, 12, 2},
  {0x004C, 1425u, 10, 10, 2},
  {0x004D, 1463u, 13, 13, 2},
  {0x004E, 1501u, 12, 12, 2},
  {0x004F, 1539u, 13, 13, 2},
  {0x0050, 1577u, 11, 11, 2},
  {0x0051, 1615u, 13, 13, 2},
  {0x0052, 1653u, 12, 12, 2},
  {0x0053, 1691u, 11, 11, 2},
  {0x0054, 1729u, 10, 10, 2},
  {0x0055, 1767u, 12, 12, 2},
  {0x0056, 1805u, 11, 11, 2},
  {0x0057, 1843u, 17, 17, 3},
  {0x0058, 1900u, 11, 11, 2},
  {0x0059, 1938u, 12, 10, 2},
  {0x005A, 1976u, 9, 9, 2},
  {0x005B, 2014u, 6, 6, 1},
  {0x005C, 2033u, 6, 5, 1},
  {0x005D, 2052u, 6, 6, 1},
  {0x005E, 2071u, 10, 10, 2},
  {0x005F, 2109u, 9, 9, 2},
  {0x0060, 2147u, 6, 6, 1},
  {0x0061, 2166u, 9, 9, 2},
  {0x0062, 2204u, 10, 10, 2},
  {0x0063, 2242u, 9, 9, 2},
  {0x0064, 2280u, 10, 10, 2},
  {0x0065, 2318u, 9, 9, 2},
  {0x0066, 2356u, 6, 5, 1},
  {0x0067, 2375u, 10, 10, 2},
  {0x0068, 2413u, 10, 10, 2},
  {0x0069, 2451u, 4, 4, 1},
  {0x006A, 2470u, 5, 4, 1},
  {0x006B, 2489u, 9, 9, 2},
  {0x006C, 2527u, 4, 4, 1},
  {0x006D, 2546u, 14, 14, 2},
  {0x006E, 2584u, 10, 10, 2},
  {0x006F, 2622u, 10, 10, 2},
  {0x0070, 2660u, 10, 10, 2},
  {0x0071, 2698u, 10, 10, 2},
  {0x0072, 2736u, 7, 7, 1},
  {0x0073, 2755u, 9, 9, 2},
  {0x0074, 2793u, 6, 6, 1},
  {0x0075, 2812u, 10, 10, 2},
  {0x0076, 2850u, 9, 9, 2},
  {0x0077, 2888u, 13, 13, 2},
  {0x0078, 2926u, 9, 9, 2},
  {0x0079, 2964u, 11, 9, 2},
  {0x007A, 3002u, 9, 9, 2},
  {0x007B, 3040u, 7, 7, 1},
  {0x007C, 3059u, 4, 4, 1},
  {0x007D, 3078u, 7, 7, 1},
  {0x007E, 3097u, 10, 10, 2},
  {0x00C0, 3135u, 11, 11, 2},
  {0x00C1, 3173u, 11, 11, 2},
  {0x00C2, 3211u, 11, 11, 2},
  {0x00C3, 3249u, 11, 11, 2},
  {0x00C8, 3287u, 11, 11, 2},
  {0x00C9, 3325u, 11, 11, 2},
  {0x00CA, 3363u, 11, 11, 2},
  {0x00CC, 3401u, 5, 4, 1},
  {0x00CD, 3420u, 5, 4, 1},
  {0x00D2, 3439u, 13, 13, 2},
  {0x00D3, 3477u, 13, 13, 2},
  {0x00D4, 3515u, 13, 13, 2},
  {0x00D5, 3553u, 13, 13, 2},
  {0x00D9, 3591u, 12, 12, 2},
  {0x00DA, 3629u, 12, 12, 2},
  {0x00DD, 3667u, 12, 10, 2},
  {0x00E0, 3705u, 9, 9, 2},
  {0x00E1, 3743u, 9, 9, 2},
  {0x00E2, 3781u, 9, 9, 2},
  {0x00E3, 3819u, 9, 9, 2},
  {0x00E8, 3857u, 9, 9, 2},
  {0x00E9, 3895u, 9, 9, 2},
  {0x00EA, 3933u, 9, 9, 2},
  {0x00EC, 3971u, 5, 4, 1},
  {0x00ED, 3990u, 5, 4, 1},
  {0x00F2, 4009u, 10, 10, 2},
  {0x00F3, 4047u, 10, 10, 2},
  {0x00F4, 4085u, 10, 10, 2},
  {0x00F5, 4123u, 10, 10, 2},
  {0x00F9, 4161u, 10, 10, 2},
  {0x00FA, 4199u, 10, 10, 2},
  {0x00FD, 4237u, 11, 9, 2},
  {0x0102, 4275u, 11, 11, 2},
  {0x0103, 4313u, 9, 9, 2},
  {0x0110, 4351u, 12, 12, 2},
  {0x0111, 4389u, 10, 10, 2},
  {0x0128, 4427u, 7, 4, 1},
  {0x0129, 4446u, 7, 4, 1},
  {0x0168, 4465u, 12, 12, 2},
  {0x0169, 4503u, 10, 10, 2},
  {0x01A0, 4541u, 15, 15, 2},
  {0x01A1, 4579u, 12, 12, 2},
  {0x01AF, 4617u, 14, 14, 2},
  {0x01B0, 4655u, 12, 12, 2},
  {0x1EA0, 4693u, 11, 11, 2},
  {0x1EA1, 4731u, 9, 9, 2},
  {0x1EA2, 4769u, 11, 11, 2},
  {0x1EA3, 4807u, 9, 9, 2},
  {0x1EA4, 4845u, 11, 11, 2},
  {0x1EA5, 4883u, 9, 9, 2},
  {0x1EA6, 4921u, 11, 11, 2},
  {0x1EA7, 4959u, 9, 9, 2},
  {0x1EA8, 4997u, 11, 11, 2},
  {0x1EA9, 5035u, 9, 9, 2},
  {0x1EAA, 5073u, 11, 11, 2},
  {0x1EAB, 5111u, 9, 9, 2},
  {0x1EAC, 5149u, 11, 11, 2},
  {0x1EAD, 5187u, 9, 9, 2},
  {0x1EAE, 5225u, 11, 11, 2},
  {0x1EAF, 5263u, 9, 9, 2},
  {0x1EB0, 5301u, 11, 11, 2},
  {0x1EB1, 5339u, 9, 9, 2},
  {0x1EB2, 5377u, 11, 11, 2},
  {0x1EB3, 5415u, 9, 9, 2},
  {0x1EB4, 5453u, 11, 11, 2},
  {0x1EB5, 5491u, 9, 9, 2},
  {0x1EB6, 5529u, 11, 11, 2},
  {0x1EB7, 5567u, 9, 9, 2},
  {0x1EB8, 5605u, 11, 11, 2},
  {0x1EB9, 5643u, 9, 9, 2},
  {0x1EBA, 5681u, 11, 11, 2},
  {0x1EBB, 5719u, 9, 9, 2},
  {0x1EBC, 5757u, 11, 11, 2},
  {0x1EBD, 5795u, 9, 9, 2},
  {0x1EBE, 5833u, 11, 11, 2},
  {0x1EBF, 5871u, 9, 9, 2},
  {0x1EC0, 5909u, 11, 11, 2},
  {0x1EC1, 5947u, 9, 9, 2},
  {0x1EC2, 5985u, 11, 11, 2},
  {0x1EC3, 6023u, 9, 9, 2},
  {0x1EC4, 6061u, 11, 11, 2},
  {0x1EC5, 6099u, 9, 9, 2},
  {0x1EC6, 6137u, 11, 11, 2},
  {0x1EC7, 6175u, 9, 9, 2},
  {0x1EC8, 6213u, 4, 4, 1},
  {0x1EC9, 6232u, 5, 4, 1},
  {0x1ECA, 6251u, 4, 4, 1},
  {0x1ECB, 6270u, 4, 4, 1},
  {0x1ECC, 6289u, 13, 13, 2},
  {0x1ECD, 6327u, 10, 10, 2},
  {0x1ECE, 6365u, 13, 13, 2},
  {0x1ECF, 6403u, 10, 10, 2},
  {0x1ED0, 6441u, 13, 13, 2},
  {0x1ED1, 6479u, 10, 10, 2},
  {0x1ED2, 6517u, 13, 13, 2},
  {0x1ED3, 6555u, 10, 10, 2},
  {0x1ED4, 6593u, 13, 13, 2},
  {0x1ED5, 6631u, 10, 10, 2},
  {0x1ED6, 6669u, 13, 13, 2},
  {0x1ED7, 6707u, 10, 10, 2},
  {0x1ED8, 6745u, 13, 13, 2},
  {0x1ED9, 6783u, 10, 10, 2},
  {0x1EDA, 6821u, 15, 15, 2},
  {0x1EDB, 6859u, 12, 12, 2},
  {0x1EDC, 6897u, 15, 15, 2},
  {0x1EDD, 6935u, 12, 12, 2},
  {0x1EDE, 6973u, 15, 15, 2},
  {0x1EDF, 7011u, 12, 12, 2},
  {0x1EE0, 7049u, 15, 15, 2},
  {0x1EE1, 7087u, 12, 12, 2},
  {0x1EE2, 7125u, 15, 15, 2},
  {0x1EE3, 7163u, 12, 12, 2},
  {0x1EE4, 7201u, 12, 12, 2},
  {0x1EE5, 7239u, 10, 10, 2},
  {0x1EE6, 7277u, 12, 12, 2},
  {0x1EE7, 7315u, 10, 10, 2},
  {0x1EE8, 7353u, 14, 14, 2},
  {0x1EE9, 7391u, 12, 12, 2},
  {0x1EEA, 7429u, 14, 14, 2},
  {0x1EEB, 7467u, 12, 12, 2},
  {0x1EEC, 7505u, 14, 14, 2},
  {0x1EED, 7543u, 12, 12, 2},
  {0x1EEE, 7581u, 14, 14, 2},
  {0x1EEF, 7619u, 12, 12, 2},
  {0x1EF0, 7657u, 14, 14, 2},
  {0x1EF1, 7695u, 12, 12, 2},
  {0x1EF2, 7733u, 12, 10, 2},
  {0x1EF3, 7771u, 11, 9, 2},
  {0x1EF4, 7809u, 12, 10, 2},
  {0x1EF5, 7847u, 11, 9, 2},
  {0x1EF6, 7885u, 12, 10, 2},
  {0x1EF7, 7923u, 11, 9, 2},
  {0x1EF8, 7961u, 12, 10, 2},
  {0x1EF9, 7999u, 11, 9, 2},
};

constexpr uint8_t VI_FONT_4_HEIGHT = 26;
constexpr uint16_t VI_FONT_4_GLYPH_COUNT = 229;
static const uint8_t VI_FONT_4_BITMAP[] PROGMEM = {
  0x00, 0x00, 0x00, 0x00, 0x00, 0x00, 0x00, 0x00, 0x00, 0x00, 0x00, 0x00, 0x00, 0x00, 0x00, 0x00, 0x00, 0x00,
  0x00, 0x00, 0x00, 0x00, 0x00, 0x00, 0x00, 0x00, 0x00, 0x00, 0x00, 0x00, 0x00, 0x38, 0x38, 0x38, 0x38, 0x38,
  0x38, 0x38, 0x38, 0x38, 0x38, 0x10, 0x10, 0x00, 0x38, 0x38, 0x38, 0x00, 0x00, 0x00, 0x00, 0x00, 0x00, 0x00,
  0x00, 0x00, 0x00, 0x00, 0x00, 0x00, 0x00, 0x00, 0x73, 0x80, 0x73, 0x80, 0x73, 0x80, 0x73, 0x80, 0x73, 0x80,
  0x73, 0x80, 0x00, 0x00, 0x00, 0x00, 0x00, 0x00, 0x00, 0x00, 0x00, 0x00, 0x00, 0x00, 0x00, 0x00, 0x00, 0x00,
  0x00, 0x00, 0x00, 0x00, 0x00, 0x00, 0x00, 0x00, 0x00, 0x00, 0x00, 0x00, 0x00, 0x00, 0x00, 0x00, 0x00, 0x00,
  0x00, 0x00, 0x00, 0x00, 0x00, 0x00, 0x0C, 0x60, 0x0C, 0x60, 0x0C, 0x60, 0x18, 0xC0, 0x18, 0xC0, 0xFF, 0xF0,
  0xFF, 0xF0, 0x18, 0xC0, 0x31, 0x80, 0x31, 0x80, 0xFF, 0xF0, 0xFF, 0xF0, 0x31, 0x80, 0x73, 0x80, 0x63, 0x00,
  0x63, 0x00, 0x00, 0x00, 0x00, 0x00, 0x00, 0x00, 0x00, 0x00, 0x00, 0x00, 0x00, 0x00, 0x00, 0x00, 0x00, 0x00,
  0x00, 0x00, 0x06, 0x00, 0x1F, 0x80, 0x3F, 0xC0, 0x76, 0xE0, 0x76, 0xE0, 0x76, 0x00, 0x76, 0x00, 0x7E, 0x00,
  0x3F, 0x80, 0x1F, 0xC0, 0x07, 0xE0, 0x06, 0xE0, 0x06, 0xE0, 0x76, 0xE0, 0x76, 0xE0, 0x3F, 0xC0, 0x1F, 0x80,
  0x06, 0x00, 0x06, 0x00, 0x00, 0x00, 0x00, 0x00, 0x00, 0x00, 0x00, 0x00, 0x00, 0x00, 0x00, 0x00, 0x00, 0x00,
  0x00, 0x00, 0x00, 0x00, 0x00, 0x00, 0x00, 0x3C, 0x0C, 0x00, 0x3C, 0x1C, 0x00, 0x66, 0x18, 0x00, 0x66, 0x38,
  0x00, 0x66, 0x30, 0x00, 0x66, 0x70, 0x00, 0x66, 0x60, 0x00, 0x3C, 0x60, 0x00, 0x3C, 0xCF, 0x00, 0x00, 0xCF,
  0x00, 0x01, 0x99, 0x80, 0x01, 0x99, 0x80, 0x03, 0x19, 0x80, 0x03, 0x19, 0x80, 0x06, 0x19, 0x80, 0x06, 0x0F,
  0x00, 0x0C, 0x0F, 0x00, 0x00, 0x00, 0x00, 0x00, 0x00, 0x00, 0x00, 0x00, 0x00, 0x00, 0x00, 0x00, 0x00, 0x00,
  0x00, 0x00, 0x00, 0x00, 0x00, 0x00, 0x00, 0x00, 0x07, 0xC0, 0x0F, 0xE0, 0x1C, 0x70, 0x1C, 0x70, 0x1E, 0x70,
  0x0F, 0xE0, 0x0F, 0xC0, 0x1F, 0x80, 0x3F, 0xC0, 0x39, 0xEE, 0x71, 0xFC, 0x70, 0xFC, 0x70, 0x78, 0x38, 0xFE,
  0x3F, 0xFF, 0x0F, 0xC6, 0x00, 0x00, 0x00, 0x00, 0x00, 0x00, 0x00, 0x00, 0x00, 0x00, 0x00, 0x00, 0x00, 0x00,
  0x00, 0x70, 0x70, 0x70, 0x70, 0x70, 0x70, 0x00, 0x00, 0x00, 0x00, 0x00, 0x00, 0x00, 0x00, 0x00, 0x00, 0x00,
  0x00, 0x00, 0x00, 0x00, 0x00, 0x00, 0x00, 0x00, 0x00, 0x0C, 0x18, 0x18, 0x38, 0x38, 0x30, 0x70, 0x70, 0x70,
  0x70, 0x70, 0x70, 0x70, 0x70, 0x30, 0x38, 0x38, 0x18, 0x18, 0x0C, 0x00, 0x00, 0x00, 0x00, 0x00, 0x00, 0x60,
  0x30, 0x30, 0x38, 0x38, 0x18, 0x1C, 0x1C, 0x1C, 0x1C, 0x1C, 0x1C, 0x1C, 0x1C, 0x18, 0x38, 0x38, 0x30, 0x30,
  0x60, 0x00, 0x00, 0x00, 0x00, 0x00, 0x00, 0x00, 0x00, 0x00, 0x00, 0x00, 0x18, 0x00, 0x18, 0x00, 0xDB, 0x00,
  0xFF, 0x00, 0x1C, 0x00, 0x3C, 0x00, 0x66, 0x00, 0x24, 0x00, 0x00, 0x00, 0x00, 0x00, 0x00, 0x00, 0x00, 0x00,
  0x00, 0x00, 0x00, 0x00, 0x00, 0x00, 0x00, 0x00, 0x00, 0x00, 0x00, 0x00, 0x00, 0x00, 0x00, 0x00, 0x00, 0x00,
  0x00, 0x00, 0x00, 0x00, 0x00, 0x00, 0x00, 0x00, 0x00, 0x00, 0x00, 0x00, 0x00, 0x00, 0x00, 0x00, 0x07, 0x00,
  0x07, 0x00, 0x07, 0x00, 0x07, 0x00, 0x7F, 0xF0, 0x7F, 0xF0, 0x7F, 0xF0, 0x07, 0x00, 0x07, 0x00, 0x07, 0x00,
  0x07, 0x00, 0x00, 0x00, 0x00, 0x00, 0x00, 0x00, 0x00, 0x00, 0x00, 0x00, 0x00, 0x00, 0x00, 0x00, 0x00, 0x00,
  0x00, 0x00, 0x00, 0x00, 0x00, 0x00, 0x00, 0x00, 0x00, 0x00, 0x00, 0x00, 0x00, 0x00, 0x00, 0x00, 0x70, 0x70,
  0x70, 0x30, 0x30, 0x60, 0x40, 0x00, 0x00, 0x00, 0x00, 0x00, 0x00, 0x00, 0x00, 0x00, 0x00, 0x00, 0x00, 0x00,
  0x00, 0x00, 0x7E, 0x7E, 0x7E, 0x00, 0x00, 0x00, 0x00, 0x00, 0x00, 0x00, 0x00, 0x00, 0x00, 0x00, 0x00, 0x00,
  0x00, 0x00, 0x00, 0x00, 0x00, 0x00, 0x00, 0x00, 0x00, 0x00, 0x00, 0x00, 0x00, 0x00, 0x70, 0x70, 0x70, 0x00,
  0x00, 0x00, 0x00, 0x00, 0x00, 0x00, 0x00, 0x00, 0x00, 0x0C, 0x0C, 0x18, 0x18, 0x18, 0x18, 0x30, 0x30, 0x30,
  0x30, 0x60, 0x60, 0x60, 0x60, 0xC0, 0xC0, 0x00, 0x00, 0x00, 0x00, 0x00, 0x00, 0x00, 0x00, 0x00, 0x00, 0x00,
  0x00, 0x00, 0x00, 0x00, 0x0F, 0x00, 0x3F, 0xC0, 0x39, 0xC0, 0x70, 0xE0, 0x70, 0xE0, 0x70, 0xE0, 0x70, 0xE0,
  0x70, 0xE0, 0x70, 0xE0, 0x70, 0xE0, 0x70, 0xE0, 0x70, 0xE0, 0x70, 0xE0, 0x39, 0xC0, 0x3F, 0xC0, 0x0F, 0x00,
  0x00, 0x00, 0x00, 0x00, 0x00, 0x00, 0x00, 0x00, 0x00, 0x00, 0x00, 0x00, 0x00, 0x00, 0x00, 0x00, 0x00, 0x00,
  0x00, 0x00, 0x07, 0x00, 0x07, 0x00, 0x0F, 0x00, 0x3F, 0x00, 0x7F, 0x00, 0x77, 0x00, 0x47, 0x00, 0x07, 0x00,
  0x07, 0x00, 0x07, 0x00, 0x07, 0x00, 0x07, 0x00, 0x07, 0x00, 0x07, 0x00, 0x07, 0x00, 0x07, 0x00, 0x00, 0x00,
  0x00, 0x00, 0x00, 0x00, 0x00, 0x00, 0x00, 0x00, 0x00, 0x00, 0x00, 0x00, 0x00, 0x00, 0x00, 0x00, 0x00, 0x00,
  0x1F, 0x80, 0x3F, 0xC0, 0x79, 0xE0, 0x70, 0xE0, 0x00, 0xE0, 0x00, 0xE0, 0x01, 0xC0, 0x03, 0xC0, 0x07, 0x80,
  0x07, 0x00, 0x0E, 0x00, 0x1E, 0x00, 0x3C, 0x00, 0x38, 0x00, 0x7F, 0xE0, 0x7F, 0xE0, 0x00, 0x00, 0x00, 0x00,
  0x00, 0x00, 0x00, 0x00, 0x00, 0x00, 0x00, 0x00, 0x00, 0x00, 0x00, 0x00, 0x00, 0x00, 0x00, 0x00, 0x0F, 0x00,
  0x3F, 0x80, 0x39, 0xC0, 0x71, 0xC0, 0x01, 0xC0, 0x03, 0xC0, 0x07, 0x80, 0x07, 0x80, 0x01, 0xC0, 0x00, 0xE0,
  0x00, 0xE0, 0x00, 0xE0, 0x70, 0xE0, 0x79, 0xC0, 0x3F, 0xC0, 0x1F, 0x00, 0x00, 0x00, 0x00, 0x00, 0x00, 0x00,
  0x00, 0x00, 0x00, 0x00, 0x00, 0x00, 0x00, 0x00, 0x00, 0x00, 0x00, 0x00, 0x00, 0x00, 0x03, 0x80, 0x03, 0x80,
  0x07, 0x80, 0x0F, 0x80, 0x0F, 0x80, 0x1B, 0x80, 0x1B, 0x80, 0x33, 0x80, 0x73, 0x80, 0x63, 0x80, 0xC3, 0x80,
  0xFF, 0xE0, 0xFF, 0xE0, 0x03, 0x80, 0x03, 0x80, 0x03, 0x80, 0x00, 0x00, 0x00, 0x00, 0x00, 0x00, 0x00, 0x00,
  0x00, 0x00, 0x00, 0x00, 0x00, 0x00, 0x00, 0x00, 0x00, 0x00, 0x00, 0x00, 0x1F, 0xC0, 0x1F, 0xC0, 0x1C, 0x00,
  0x38, 0x00, 0x38, 0x00, 0x3F, 0x80, 0x7F, 0xC0, 0x71, 0xC0, 0x00, 0xE0, 0x00, 0xE0, 0x00, 0xE0, 0x00, 0xE0,
  0x70, 0xE0, 0x79, 0xC0, 0x3F, 0x80, 0x1F, 0x00, 0x00, 0x00, 0x00, 0x00, 0x00, 0x00, 0x00, 0x00, 0x00, 0x00,
  0x00, 0x00, 0x00, 0x00, 0x00, 0x00, 0x00, 0x00, 0x00, 0x00, 0x0F, 0x80, 0x3F, 0xC0, 0x39, 0xE0, 0x70, 0xE0,
  0x70, 0x00, 0x70, 0x00, 0x77, 0x80, 0x7F, 0xC0, 0x79, 0xC0, 0x70, 0xE0, 0x70, 0xE0, 0x70, 0xE0, 0x70, 0xE0,
  0x39, 0xC0, 0x3F, 0xC0, 0x0F, 0x00, 0x00, 0x00, 0x00, 0x00, 0x00, 0x00, 0x00, 0x00, 0x00, 0x00, 0x00, 0x00,
  0x00, 0x00, 0x00, 0x00, 0x00, 0x00, 0x00, 0x00, 0x7F, 0xE0, 0x7F, 0xE0, 0x00, 0xE0, 0x01, 0xC0, 0x03, 0x80,
  0x03, 0x80, 0x07, 0x00, 0x07, 0x00, 0x0E, 0x00, 0x0E, 0x00, 0x0E, 0x00, 0x0E, 0x00, 0x1C, 0x00, 0x1C, 0x00,
  0x1C, 0x00, 0x1C, 0x00, 0x00, 0x00, 0x00, 0x00, 0x00, 0x00, 0x00, 0x00, 0x00, 0x00, 0x00, 0x00, 0x00, 0x00,
  0x00, 0x00, 0x00, 0x00, 0x00, 0x00, 0x0F, 0x00, 0x3F, 0xC0, 0x79, 0xE0, 0x70, 0xE0, 0x70, 0xE0, 0x70, 0xE0,
  0x39, 0xC0, 0x1F, 0x80, 0x1F, 0x80, 0x39, 0xC0, 0x70, 0xE0, 0x70, 0xE0, 0x70, 0xE0, 0x79, 0xE0, 0x3F, 0xC0,
  0x0F, 0x80, 0x00, 0x00, 0x00, 0x00, 0x00, 0x00, 0x00, 0x00, 0x00, 0x00, 0x00, 0x00, 0x00, 0x00, 0x00, 0x00,
  0x00, 0x00, 0x00, 0x00, 0x0F, 0x00, 0x3F, 0xC0, 0x39, 0xC0, 0x70, 0xE0, 0x70, 0xE0, 0x70, 0xE0, 0x70, 0xE0,
  0x39, 0xE0, 0x3F, 0xE0, 0x1E, 0xE0, 0x00, 0xE0, 0x00, 0xE0, 0x70, 0xE0, 0x79, 0xC0, 0x3F, 0xC0, 0x1F, 0x00,
  0x00, 0x00, 0x00, 0x00, 0x00, 0x00, 0x00, 0x00, 0x00, 0x00, 0x00, 0x00, 0x00, 0x00, 0x00, 0x00, 0x00, 0x00,
  0x00, 0x38, 0x38, 0x38, 0x00, 0x00, 0x00, 0x00, 0x00, 0x00, 0x38, 0x38, 0x38, 0x00, 0x00, 0x00, 0x00, 0x00,
  0x00, 0x00, 0x00, 0x00, 0x00, 0x00, 0x00, 0x00, 0x00, 0x38, 0x38, 0x38, 0x00, 0x00, 0x00, 0x00, 0x00, 0x00,
  0x38, 0x38, 0x38, 0x18, 0x18, 0x30, 0x20, 0x00, 0x00, 0x00, 0x00, 0x00, 0x00, 0x00, 0x00, 0x00, 0x00, 0x00,
  0x00, 0x00, 0x00, 0x00, 0x00, 0x10, 0x00, 0xF0, 0x03, 0xF0, 0x0F, 0xE0, 0x7F, 0x00, 0x7C, 0x00, 0x7C, 0x00,
  0x7F, 0x00, 0x0F, 0xE0, 0x03, 0xF0, 0x00, 0xF0, 0x00, 0x10, 0x00, 0x00, 0x00, 0x00, 0x00, 0x00, 0x00, 0x00,
  0x00, 0x00, 0x00, 0x00, 0x00, 0x00, 0x00, 0x00, 0x00, 0x00, 0x00, 0x00, 0x00, 0x00, 0x00, 0x00, 0x00, 0x00,
  0x00, 0x00, 0x00, 0x00, 0x00, 0x00, 0x7F, 0xF0, 0x7F, 0xF0, 0x7F, 0xF0, 0x00, 0x00, 0x00, 0x00, 0x7F, 0xF0,
  0x7F, 0xF0, 0x7F, 0xF0, 0x00, 0x00, 0x00, 0x00, 0x00, 0x00, 0x00, 0x00, 0x00, 0x00, 0x00, 0x00, 0x00, 0x00,
  0x00, 0x00, 0x00, 0x00, 0x00, 0x00, 0x00, 0x00, 0x00, 0x00, 0x00, 0x00, 0x00, 0x00, 0x00, 0x00, 0x00, 0x00,
  0x40, 0x00, 0x78, 0x00, 0x7E, 0x00, 0x3F, 0x80, 0x07, 0xF0, 0x01, 0xF0, 0x01, 0xF0, 0x07, 0xF0, 0x3F, 0x80,
  0x7E, 0x00, 0x78, 0x00, 0x40, 0x00, 0x00, 0x00, 0x00, 0x00, 0x00, 0x00, 0x00, 0x00, 0x00, 0x00, 0x00, 0x00,
  0x00, 0x00, 0x00, 0x00, 0x00, 0x00, 0x00, 0x00, 0x00, 0x00, 0x00, 0x00, 0x0F, 0x80, 0x3F, 0xE0, 0x78, 0xE0,
  0x70, 0x70, 0x00, 0x70, 0x00, 0x70, 0x00, 0xE0, 0x01, 0xE0, 0x03, 0xC0, 0x07, 0x80, 0x07, 0x00, 0x07, 0x00,
  0x00, 0x00, 0x07, 0x00, 0x07, 0x00, 0x07, 0x00, 0x00, 0x00, 0x00, 0x00, 0x00, 0x00, 0x00, 0x00, 0x00, 0x00,
  0x00, 0x00, 0x00, 0x00, 0x00, 0x00, 0x00, 0x00, 0x00, 0x00, 0x00, 0x00, 0x00, 0x00, 0x00, 0x00, 0xFE, 0x00,
  0x03, 0xFF, 0x80, 0x0F, 0x03, 0xC0, 0x1C, 0x00, 0xE0, 0x18, 0xEF, 0x60, 0x39, 0xFE, 0x70, 0x33, 0xFE, 0x30,
  0x73, 0x9E, 0x30, 0x67, 0x1E, 0x30, 0x67, 0x1E, 0x30, 0x67, 0x1C, 0x30, 0x67, 0x1C, 0x60, 0x67, 0x3C, 0x60,
  0x67, 0xFC, 0xC0, 0x33, 0xFF, 0x80, 0x31, 0x9E, 0x00, 0x38, 0x00, 0x38, 0x1C, 0x00, 0x70, 0x0F, 0x01, 0xE0,
  0x07, 0xFF, 0xC0, 0x00, 0xFF, 0x00, 0x00, 0x00, 0x00, 0x00, 0x00, 0x00, 0x00, 0x00, 0x00, 0x00, 0x07, 0xC0,
  0x07, 0xC0, 0x07, 0xC0, 0x0E, 0xE0, 0x0E, 0xE0, 0x0E, 0xE0, 0x1C, 0x70, 0x1C, 0x70, 0x1C, 0x70, 0x3F, 0xF8,
  0x3F, 0xF8, 0x3F, 0xF8, 0x70, 0x1C, 0x70, 0x1C, 0x70, 0x1C, 0xE0, 0x0E, 0x00, 0x00, 0x00, 0x00, 0x00, 0x00,
  0x00, 0x00, 0x00, 0x00, 0x00, 0x00, 0x00, 0x00, 0x00, 0x00, 0x00, 0x00, 0x00, 0x00, 0x3F, 0xF0, 0x3F, 0xF8,
  0x3F, 0xFC, 0x38, 0x1C, 0x38, 0x1C, 0x38, 0x1C, 0x3F, 0xF8, 0x3F, 0xF8, 0x3F, 0xFC, 0x38, 0x1E, 0x38, 0x0E,
  0x38, 0x0E, 0x38, 0x1E, 0x3F, 0xFC, 0x3F, 0xFC, 0x3F, 0xF8, 0x00, 0x00, 0x00, 0x00, 0x00, 0x00, 0x00, 0x00,
  0x00, 0x00, 0x00, 0x00, 0x00, 0x00, 0x00, 0x00, 0x00, 0x00, 0x00, 0x00, 0x03, 0xE0, 0x0F, 0xF8, 0x1F, 0xFC,
  0x3C, 0x1E, 0x38, 0x0C, 0x70, 0x00, 0x70, 0x00, 0x70, 0x00, 0x70, 0x00, 0x70, 0x00, 0x70, 0x00, 0x38, 0x0C,
  0x3C, 0x1E, 0x1F, 0xFC, 0x0F, 0xF8, 0x07, 0xE0, 0x00, 0x00, 0x00, 0x00, 0x00, 0x00, 0x00, 0x00, 0x00, 0x00,
  0x00, 0x00, 0x00, 0x00, 0x00, 0x00, 0x00, 0x00, 0x00, 0x00, 0x3F, 0xE0, 0x3F, 0xF8, 0x3F, 0xFC, 0x38, 0x3C,
  0x38, 0x1E, 0x38, 0x0E, 0x38, 0x0E, 0x38, 0x0E, 0x38, 0x0E, 0x38, 0x0E, 0x38, 0x0E, 0x38, 0x1E, 0x38, 0x3C,
  0x3F, 0xFC, 0x3F, 0xF8, 0x3F, 0xE0, 0x00, 0x00, 0x00, 0x00, 0x00, 0x00, 0x00, 0x00, 0x00, 0x00, 0x00, 0x00,
  0x00, 0x00, 0x00, 0x00, 0x00, 0x00, 0x00, 0x00, 0x3F, 0xFC, 0x3F, 0xFC, 0x3F, 0xFC, 0x38, 0x00, 0x38, 0x00,
  0x38, 0x00, 0x3F, 0xF8, 0x3F, 0xF8, 0x3F, 0xF8, 0x38, 0x00, 0x38, 0x00, 0x38, 0x00, 0x38, 0x00, 0x3F, 0xFC,
  0x3F, 0xFC, 0x3F, 0xFC, 0x00, 0x00, 0x00, 0x00, 0x00, 0x00, 0x00, 0x00, 0x00, 0x00, 0x00, 0x00, 0x00, 0x00,
  0x00, 0x00, 0x00, 0x00, 0x00, 0x00, 0x3F, 0xF0, 0x3F, 0xF0, 0x3F, 0xF0, 0x38, 0x00, 0x38, 0x00, 0x38, 0x00,
  0x3F, 0xE0, 0x3F, 0xE0, 0x3F, 0xE0, 0x38, 0x00, 0x38, 0x00, 0x38, 0x00, 0x38, 0x00, 0x38, 0x00, 0x38, 0x00,
  0x38, 0x00, 0x00, 0x00, 0x00, 0x00, 0x00, 0x00, 0x00, 0x00, 0x00, 0x00, 0x00, 0x00, 0x00, 0x00, 0x00, 0x00,
  0x00, 0x00, 0x00, 0x00, 0x00, 0x00, 0x00, 0x00, 0x00, 0x03, 0xF0, 0x00, 0x0F, 0xFC, 0x00, 0x1F, 0xFE, 0x00,
  0x3C, 0x0F, 0x00, 0x38, 0x06, 0x00, 0x70, 0x00, 0x00, 0x70, 0x00, 0x00, 0x70, 0x7F, 0x00, 0x70, 0x7F, 0x00,
  0x70, 0x7F, 0x00, 0x78, 0x07, 0x00, 0x38, 0x07, 0x00, 0x3E, 0x0F, 0x00, 0x1F, 0xFF, 0x00, 0x0F, 0xFC, 0x00,
  0x03, 0xF0, 0x00, 0x00, 0x00, 0x00, 0x00, 0x00, 0x00, 0x00, 0x00, 0x00, 0x00, 0x00, 0x00, 0x00, 0x00, 0x00,
  0x00, 0x00, 0x00, 0x00, 0x00, 0x00, 0x00, 0x00, 0x00, 0x00, 0x38, 0x1C, 0x38, 0x1C, 0x38, 0x1C, 0x38, 0x1C,
  0x38, 0x1C, 0x38, 0x1C, 0x3F, 0xFC, 0x3F, 0xFC, 0x3F, 0xFC, 0x38, 0x1C, 0x38, 0x1C, 0x38, 0x1C, 0x38, 0x1C,
  0x38, 0x1C, 0x38, 0x1C, 0x38, 0x1C, 0x00, 0x00, 0x00, 0x00, 0x00, 0x00, 0x00, 0x00, 0x00, 0x00, 0x00, 0x00,
  0x00, 0x00, 0x00, 0x70, 0x70, 0x70, 0x70, 0x70, 0x70, 0x70, 0x70, 0x70, 0x70, 0x70, 0x70, 0x70, 0x70, 0x70,
  0x70, 0x00, 0x00, 0x00, 0x00, 0x00, 0x00, 0x00, 0x00, 0x00, 0x00, 0x00, 0x00, 0x00, 0x00, 0x00, 0x01, 0xC0,
  0x01, 0xC0, 0x01, 0xC0, 0x01, 0xC0, 0x01, 0xC0, 0x01, 0xC0, 0x01, 0xC0, 0x01, 0xC0, 0x01, 0xC0, 0x01, 0xC0,
  0xE1, 0xC0, 0xE1, 0xC0, 0xF3, 0xC0, 0x7F, 0x80, 0x7F, 0x80, 0x1E, 0x00, 0x00, 0x00, 0x00, 0x00, 0x00, 0x00,
  0x00, 0x00, 0x00, 0x00, 0x00, 0x00, 0x00, 0x00, 0x00, 0x00, 0x00, 0x00, 0x00, 0x00, 0x38, 0x1E, 0x38, 0x3C,
  0x38, 0x78, 0x38, 0xF0, 0x38, 0xE0, 0x39, 0xC0, 0x3B, 0xC0, 0x3F, 0xC0, 0x3F, 0xE0, 0x3E, 0xE0, 0x3C, 0x70,
  0x38, 0x78, 0x38, 0x38, 0x38, 0x1C, 0x38, 0x1E, 0x38, 0x0E, 0x00, 0x00, 0x00, 0x00, 0x00, 0x00, 0x00, 0x00,
  0x00, 0x00, 0x00, 0x00, 0x00, 0x00, 0x00, 0x00, 0x00, 0x00, 0x00, 0x00, 0x38, 0x00, 0x38, 0x00, 0x38, 0x00,
  0x38, 0x00, 0x38, 0x00, 0x38, 0x00, 0x38, 0x00, 0x38, 0x00, 0x38, 0x00, 0x38, 0x00, 0x38, 0x00, 0x38, 0x00,
  0x38, 0x00, 0x3F, 0xF0, 0x3F, 0xF0, 0x3F, 0xF0, 0x00, 0x00, 0x00, 0x00, 0x00, 0x00, 0x00, 0x00, 0x00, 0x00,
  0x00, 0x00, 0x00, 0x00, 0x00, 0x00, 0x00, 0x00, 0x00, 0x00, 0x00, 0x00, 0x00, 0x00, 0x00, 0x7C, 0x1F, 0x00,
  0x7C, 0x1F, 0x00, 0x7E, 0x3F, 0x00, 0x76, 0x37, 0x00, 0x76, 0x37, 0x00, 0x76, 0x37, 0x00, 0x77, 0x77, 0x00,
  0x77, 0x77, 0x00, 0x77, 0x77, 0x00, 0x73, 0x67, 0x00, 0x73, 0x67, 0x00, 0x73, 0xE7, 0x00, 0x73, 0xE7, 0x00,
  0x73, 0xE7, 0x00, 0x71, 0xC7, 0x00, 0x71, 0xC7, 0x00, 0x00, 0x00, 0x00, 0x00, 0x00, 0x00, 0x00, 0x00, 0x00,
  0x00, 0x00, 0x00, 0x00, 0x00, 0x00, 0x00, 0x00, 0x00, 0x00, 0x00, 0x00, 0x00, 0x00, 0x00, 0x00, 0x38, 0x1C,
  0x3C, 0x1C, 0x3E, 0x1C, 0x3E, 0x1C, 0x3F, 0x1C, 0x3F, 0x1C, 0x3B, 0x9C, 0x3B, 0x9C, 0x39, 0xDC, 0x39, 0xDC,
  0x38, 0xFC, 0x38, 0xFC, 0x38, 0x7C, 0x38, 0x7C, 0x38, 0x3C, 0x38, 0x1C, 0x00, 0x00, 0x00, 0x00, 0x00, 0x00,
  0x00, 0x00, 0x00, 0x00, 0x00, 0x00, 0x00, 0x00, 0x00, 0x00, 0x00, 0x00, 0x00, 0x00, 0x00, 0x00, 0x00, 0x00,
  0x00, 0x07, 0xE0, 0x00, 0x0F, 0xF8, 0x00, 0x1F, 0xFC, 0x00, 0x3C, 0x1E, 0x00, 0x38, 0x0E, 0x00, 0x70, 0x07,
  0x00, 0x70, 0x07, 0x00, 0x70, 0x07, 0x00, 0x70, 0x07, 0x00, 0x70, 0x07, 0x00, 0x70, 0x07, 0x00, 0x38, 0x0E,
  0x00, 0x3C, 0x1E, 0x00, 0x1F, 0xFC, 0x00, 0x0F, 0xF8, 0x00, 0x07, 0xF0, 0x00, 0x00, 0x00, 0x00, 0x00, 0x00,
  0x00, 0x00, 0x00, 0x00, 0x00, 0x00, 0x00, 0x00, 0x00, 0x00, 0x00, 0x00, 0x00, 0x00, 0x00, 0x00, 0x00, 0x00,
  0x00, 0x00, 0x3F, 0xE0, 0x3F, 0xF8, 0x3F, 0xF8, 0x38, 0x3C, 0x38, 0x1C, 0x38, 0x1C, 0x38, 0x3C, 0x3F, 0xF8,
  0x3F, 0xF8, 0x3F, 0xE0, 0x38, 0x00, 0x38, 0x00, 0x38, 0x00, 0x38, 0x00, 0x38, 0x00, 0x38, 0x00, 0x00, 0x00,
  0x00, 0x00, 0x00, 0x00, 0x00, 0x00, 0x00, 0x00, 0x00, 0x00, 0x00, 0x00, 0x00, 0x00, 0x00, 0x00, 0x00, 0x00,
  0x00, 0x00, 0x00, 0x00, 0x00, 0x07, 0xF0, 0x00, 0x0F, 0xF8, 0x00, 0x1F, 0xFC, 0x00, 0x3C, 0x1E, 0x00, 0x38,
  0x0E, 0x00, 0x70, 0x07, 0x00, 0x70, 0x07, 0x00, 0x70, 0x07, 0x00, 0x70, 0x07, 0x00, 0x70, 0x07, 0x00, 0x70,
  0x47, 0x00, 0x38, 0xEF, 0x00, 0x3C, 0x7E, 0x00, 0x1F, 0xFE, 0x00, 0x0F, 0xFF, 0x00, 0x03, 0xF7, 0x80, 0x00,
  0x03, 0x00, 0x00, 0x00, 0x00, 0x00, 0x00, 0x00, 0x00, 0x00, 0x00, 0x00, 0x00, 0x00, 0x00, 0x00, 0x00, 0x00,
  0x00, 0x00, 0x00, 0x00, 0x00, 0x00, 0x3F, 0xF0, 0x3F, 0xF8, 0x3F, 0xFC, 0x38, 0x1C, 0x38, 0x1C, 0x38, 0x1C,
  0x3F, 0xF8, 0x3F, 0xF8, 0x3F, 0xE0, 0x38, 0xE0, 0x38, 0xF0, 0x38, 0x78, 0x38, 0x38, 0x38, 0x3C, 0x38, 0x1C,
  0x38, 0x1E, 0x00, 0x00, 0x00, 0x00, 0x00, 0x00, 0x00, 0x00, 0x00, 0x00, 0x00, 0x00, 0x00, 0x00, 0x00, 0x00,
  0x00, 0x00, 0x00, 0x00, 0x07, 0xE0, 0x1F, 0xF8, 0x3F, 0xF8, 0x3C, 0x3C, 0x38, 0x1C, 0x3C, 0x00, 0x1F, 0xC0,
  0x0F, 0xF0, 0x03, 0xF8, 0x00, 0x3C, 0x70, 0x1C, 0x78, 0x1C, 0x3C, 0x3C, 0x3F, 0xF8, 0x1F, 0xF8, 0x07, 0xE0,
  0x00, 0x00, 0x00, 0x00, 0x00, 0x00, 0x00, 0x00, 0x00, 0x00, 0x00, 0x00, 0x00, 0x00, 0x00, 0x00, 0x00, 0x00,
  0x00, 0x00, 0x7F, 0xFC, 0x7F, 0xFC, 0x7F, 0xFC, 0x03, 0x80, 0x03, 0x80, 0x03, 0x80, 0x03, 0x80, 0x03, 0x80,
  0x03, 0x80, 0x03, 0x80, 0x03, 0x80, 0x03, 0x80, 0x03, 0x80, 0x03, 0x80, 0x03, 0x80, 0x03, 0x80, 0x00, 0x00,
  0x00, 0x00, 0x00, 0x00, 0x00, 0x00, 0x00, 0x00, 0x00, 0x00, 0x00, 0x00, 0x00, 0x00, 0x00, 0x00, 0x00, 0x00,
  0x38, 0x1C, 0x38, 0x1C, 0x38, 0x1C, 0x38, 0x1C, 0x38, 0x1C, 0x38, 0x1C, 0x38, 0x1C, 0x38, 0x1C, 0x38, 0x1C,
  0x38, 0x1C, 0x38, 0x1C, 0x38, 0x1C, 0x3C, 0x3C, 0x1F, 0xF8, 0x1F, 0xF8, 0x07, 0xE0, 0x00, 0x00, 0x00, 0x00,
  0x00, 0x00, 0x00, 0x00, 0x00, 0x00, 0x00, 0x00, 0x00, 0x00, 0x00, 0x00, 0x00, 0x00, 0x00, 0x00, 0x00, 0x00,
  0x00, 0x00, 0x00, 0xE0, 0x0E, 0x00, 0xE0, 0x0E, 0x00, 0x70, 0x1C, 0x00, 0x70, 0x1C, 0x00, 0x78, 0x3C, 0x00,
  0x38, 0x38, 0x00, 0x38, 0x38, 0x00, 0x1C, 0x70, 0x00, 0x1C, 0x70, 0x00, 0x1E, 0xF0, 0x00, 0x0E, 0xE0, 0x00,
  0x0E, 0xE0, 0x00, 0x0F, 0xE0, 0x00, 0x07, 0xC0, 0x00, 0x07, 0xC0, 0x00, 0x03, 0x80, 0x00, 0x00, 0x00, 0x00,
  0x00, 0x00, 0x00, 0x00, 0x00, 0x00, 0x00, 0x00, 0x00, 0x00, 0x00, 0x00, 0x00, 0x00, 0x00, 0x00, 0x00, 0x00,
  0x00, 0x00, 0x00, 0x00, 0x00, 0x00, 0x00, 0x00, 0x00, 0xE0, 0x70, 0x38, 0xE0, 0x70, 0x38, 0x70, 0xF8, 0x70,
  0x70, 0xF8, 0x70, 0x70, 0xD8, 0x70, 0x71, 0xDC, 0x70, 0x39, 0xDC, 0x60, 0x39, 0x8C, 0xE0, 0x3B, 0x8E, 0xE0,
  0x3B, 0x8E, 0xE0, 0x1B, 0x8E, 0xC0, 0x1F, 0x07, 0xC0, 0x1F, 0x07, 0xC0, 0x1F, 0x07, 0xC0, 0x0E, 0x03, 0x80,
  0x0E, 0x03, 0x80, 0x00, 0x00, 0x00, 0x00, 0x00, 0x00, 0x00, 0x00, 0x00, 0x00, 0x00, 0x00, 0x00, 0x00, 0x00,
  0x00, 0x00, 0x00, 0x00, 0x00, 0x00, 0x00, 0x00, 0x00, 0x00, 0x38, 0x38, 0x3C, 0x78, 0x1C, 0x70, 0x0E, 0xE0,
  0x0E, 0xE0, 0x07, 0xC0, 0x07, 0xC0, 0x03, 0x80, 0x07, 0xC0, 0x0F, 0xE0, 0x0E, 0xE0, 0x1E, 0xF0, 0x1C, 0x70,
  0x38, 0x38, 0x78, 0x3C, 0x70, 0x1C, 0x00, 0x00, 0x00, 0x00, 0x00, 0x00, 0x00, 0x00, 0x00, 0x00, 0x00, 0x00,
  0x00, 0x00, 0x00, 0x00, 0x00, 0x00, 0x00, 0x00, 0x70, 0x1C, 0x78, 0x3C, 0x38, 0x38, 0x1C, 0x70, 0x1C, 0x70,
  0x0E, 0xE0, 0x0E, 0xE0, 0x07, 0xC0, 0x03, 0x80, 0x03, 0x80, 0x03, 0x80, 0x03, 0x80, 0x03, 0x80, 0x03, 0x80,
  0x03, 0x80, 0x03, 0x80, 0x00, 0x00, 0x00, 0x00, 0x00, 0x00, 0x00, 0x00, 0x00, 0x00, 0x00, 0x00, 0x00, 0x00,
  0x00, 0x00, 0x00, 0x00, 0x00, 0x00, 0x7F, 0xF0, 0x7F, 0xF0, 0x7F, 0xF0, 0x01, 0xE0, 0x03, 0xC0, 0x03, 0x80,
  0x07, 0x80, 0x0F, 0x00, 0x1E, 0x00, 0x1C, 0x00, 0x3C, 0x00, 0x78, 0x00, 0xF0, 0x00, 0xFF, 0xF0, 0xFF, 0xF0,
  0xFF, 0xF0, 0x00, 0x00, 0x00, 0x00, 0x00, 0x00, 0x00, 0x00, 0x00, 0x00, 0x00, 0x00, 0x00, 0x00, 0x00, 0x7E,
  0x7E, 0x7E, 0x70, 0x70, 0x70, 0x70, 0x70, 0x70, 0x70, 0x70, 0x70, 0x70, 0x70, 0x70, 0x70, 0x70, 0x7E, 0x7E,
  0x7E, 0x00, 0x00, 0x00, 0x00, 0x00, 0x00, 0xC0, 0xC0, 0x60, 0x60, 0x60, 0x60, 0x30, 0x30, 0x30, 0x30, 0x18,
  0x18, 0x18, 0x18, 0x0C, 0x0C, 0x00, 0x00, 0x00, 0x00, 0x00, 0x00, 0x00, 0x00, 0x00, 0x00, 0xFC, 0xFC, 0xFC,
  0x1C, 0x1C, 0x1C, 0x1C, 0x1C, 0x1C, 0x1C, 0x1C, 0x1C, 0x1C, 0x1C, 0x1C, 0x1C, 0x1C, 0xFC, 0xFC, 0xFC, 0x00,
  0x00, 0x00, 0x00, 0x00, 0x00, 0x00, 0x00, 0x00, 0x00, 0x00, 0x07, 0x00, 0x07, 0x00, 0x0F, 0x80, 0x0D, 0x80,
  0x1D, 0xC0, 0x1D, 0xC0, 0x38, 0xE0, 0x38, 0xE0, 0x70, 0x70, 0x00, 0x00, 0x00, 0x00, 0x00, 0x00, 0x00, 0x00,
  0x00, 0x00, 0x00, 0x00, 0x00, 0x00, 0x00, 0x00, 0x00, 0x00, 0x00, 0x00, 0x00, 0x00, 0x00, 0x00, 0x00, 0x00,
  0x00, 0x00, 0x00, 0x00, 0x00, 0x00, 0x00, 0x00, 0x00, 0x00, 0x00, 0x00, 0x00, 0x00, 0x00, 0x00, 0x00, 0x00,
  0x00, 0x00, 0x00, 0x00, 0x00, 0x00, 0x00, 0x00, 0x00, 0x00, 0x00, 0x00, 0x00, 0x00, 0x00, 0x00, 0x00, 0x00,
  0x00, 0x00, 0x00, 0x00, 0x00, 0x00, 0x00, 0x00, 0xFF, 0xF0, 0xFF, 0xF0, 0x00, 0x00, 0x00, 0x00, 0x00, 0x00,
  0x00, 0xE0, 0x70, 0x38, 0x00, 0x00, 0x00, 0x00, 0x00, 0x00, 0x00, 0x00, 0x00, 0x00, 0x00, 0x00, 0x00, 0x00,
  0x00, 0x00, 0x00, 0x00, 0x00, 0x00, 0x00, 0x00, 0x00, 0x00, 0x00, 0x00, 0x00, 0x00, 0x00, 0x00, 0x00, 0x00,
  0x00, 0x00, 0x00, 0x00, 0x1F, 0x80, 0x3F, 0xC0, 0x60, 0xE0, 0x00, 0xE0, 0x03, 0xE0, 0x1F, 0xE0, 0x3C, 0xE0,
  0x70, 0xE0, 0x70, 0xE0, 0x71, 0xE0, 0x3F, 0xE0, 0x1E, 0x70, 0x00, 0x00, 0x00, 0x00, 0x00, 0x00, 0x00, 0x00,
  0x00, 0x00, 0x00, 0x00, 0x00, 0x00, 0x00, 0x00, 0x00, 0x00, 0x00, 0x00, 0x70, 0x00, 0x70, 0x00, 0x70, 0x00,
  0x70, 0x00, 0x77, 0x80, 0x7F, 0xE0, 0x78, 0xE0, 0x70, 0x70, 0x70, 0x70, 0x70, 0x70, 0x70, 0x70, 0x70, 0x70,
  0x70, 0x70, 0x78, 0xE0, 0x7F, 0xE0, 0x77, 0x80, 0x00, 0x00, 0x00, 0x00, 0x00, 0x00, 0x00, 0x00, 0x00, 0x00,
  0x00, 0x00, 0x00, 0x00, 0x00, 0x00, 0x00, 0x00, 0x00, 0x00, 0x00, 0x00, 0x00, 0x00, 0x00, 0x00, 0x00, 0x00,
  0x0F, 0x00, 0x3F, 0xC0, 0x39, 0xC0, 0x70, 0xE0, 0x70, 0x00, 0x70, 0x00, 0x70, 0x00, 0x70, 0x00, 0x70, 0xE0,
  0x39, 0xC0, 0x3F, 0xC0, 0x0F, 0x00, 0x00, 0x00, 0x00, 0x00, 0x00, 0x00, 0x00, 0x00, 0x00, 0x00, 0x00, 0x00,
  0x00, 0x00, 0x00, 0x00, 0x00, 0x00, 0x00, 0x00, 0x00, 0x70, 0x00, 0x70, 0x00, 0x70, 0x00, 0x70, 0x0F, 0x70,
  0x3F, 0xF0, 0x38, 0xF0, 0x70, 0x70, 0x70, 0x70, 0x70, 0x70, 0x70, 0x70, 0x70, 0x70, 0x70, 0x70, 0x38, 0xF0,
  0x3F, 0xF0, 0x0F, 0x70, 0x00, 0x00, 0x00, 0x00, 0x00, 0x00, 0x00, 0x00, 0x00, 0x00, 0x00, 0x00, 0x00, 0x00,
  0x00, 0x00, 0x00, 0x00, 0x00, 0x00, 0x00, 0x00, 0x00, 0x00, 0x00, 0x00, 0x00, 0x00, 0x0F, 0x00, 0x3F, 0xC0,
  0x39, 0xC0, 0x70, 0xE0, 0x70, 0xE0, 0x7F, 0xE0, 0x7F, 0xE0, 0x70, 0x00, 0x70, 0xE0, 0x39, 0xC0, 0x3F, 0xC0,
  0x0F, 0x00, 0x00, 0x00, 0x00, 0x00, 0x00, 0x00, 0x00, 0x00, 0x00, 0x00, 0x00, 0x00, 0x00, 0x00, 0x00, 0x1F,
  0x3F, 0x38, 0x38, 0xFE, 0xFE, 0x38, 0x38, 0x38, 0x38, 0x38, 0x38, 0x38, 0x38, 0x38, 0x38, 0x00, 0x00, 0x00,
  0x00, 0x00, 0x00, 0x00, 0x00, 0x00, 0x00, 0x00, 0x00, 0x00, 0x00, 0x00, 0x00, 0x00, 0x00, 0x00, 0x00, 0x00,
  0x00, 0x00, 0x0F, 0x70, 0x3F, 0xF0, 0x38, 0xF0, 0x70, 0x70, 0x70, 0x70, 0x70, 0x70, 0x70, 0x70, 0x70, 0x70,
  0x70, 0x70, 0x38, 0xF0, 0x3F, 0xF0, 0x0F, 0x70, 0x00, 0x70, 0x70, 0xF0, 0x7F, 0xE0, 0x1F, 0xC0, 0x00, 0x00,
  0x00, 0x00, 0x00, 0x00, 0x00, 0x00, 0x00, 0x00, 0x00, 0x00, 0x70, 0x00, 0x70, 0x00, 0x70, 0x00, 0x70, 0x00,
  0x77, 0xC0, 0x7F, 0xE0, 0x78, 0xF0, 0x70, 0x70, 0x70, 0x70, 0x70, 0x70, 0x70, 0x70, 0x70, 0x70, 0x70, 0x70,
  0x70, 0x70, 0x70, 0x70, 0x70, 0x70, 0x00, 0x00, 0x00, 0x00, 0x00, 0x00, 0x00, 0x00, 0x00, 0x00, 0x00, 0x00,
  0x00, 0x00, 0x00, 0x70, 0x70, 0x70, 0x00, 0x70, 0x70, 0x70, 0x70, 0x70, 0x70, 0x70, 0x70, 0x70, 0x70, 0x70,
  0x70, 0x00, 0x00, 0x00, 0x00, 0x00, 0x00, 0x00, 0x00, 0x00, 0x00, 0x1C, 0x1C, 0x1C, 0x00, 0x1C, 0x1C, 0x1C,
  0x1C, 0x1C, 0x1C, 0x1C, 0x1C, 0x1C, 0x1C, 0x1C, 0x1C, 0x1C, 0x1C, 0xFC, 0xF8, 0x00, 0x00, 0x00, 0x00, 0x00,
  0x00, 0x00, 0x00, 0x00, 0x00, 0x00, 0x70, 0x00, 0x70, 0x00, 0x70, 0x00, 0x70, 0x00, 0x70, 0xE0, 0x71, 0xC0,
  0x73, 0x80, 0x77, 0x00, 0x7F, 0x00, 0x7F, 0x00, 0x7B, 0x80, 0x73, 0x80, 0x71, 0xC0, 0x71, 0xC0, 0x70, 0xE0,
  0x70, 0xE0, 0x00, 0x00, 0x00, 0x00, 0x00, 0x00, 0x00, 0x00, 0x00, 0x00, 0x00, 0x00, 0x00, 0x00, 0x00, 0x70,
  0x70, 0x70, 0x70, 0x70, 0x70, 0x70, 0x70, 0x70, 0x70, 0x70, 0x70, 0x70, 0x70, 0x70, 0x70, 0x00, 0x00, 0x00,
  0x00, 0x00, 0x00, 0x00, 0x00, 0x00, 0x00, 0x00, 0x00, 0x00, 0x00, 0x00, 0x00, 0x00, 0x00, 0x00, 0x00, 0x00,
  0x00, 0x00, 0x00, 0x00, 0x00, 0x00, 0x00, 0x00, 0x00, 0x00, 0x00, 0x77, 0xCF, 0x00, 0x7F, 0xFF, 0x80, 0x78,
  0xF1, 0xC0, 0x70, 0xE1, 0xC0, 0x70, 0xE1, 0xC0, 0x70, 0xE1, 0xC0, 0x70, 0xE1, 0xC0, 0x70, 0xE1, 0xC0, 0x70,
  0xE1, 0xC0, 0x70, 0xE1, 0xC0, 0x70, 0xE1, 0xC0, 0x70, 0xE1, 0xC0, 0x00, 0x00, 0x00, 0x00, 0x00, 0x00, 0x00,
  0x00, 0x00, 0x00, 0x00, 0x00, 0x00, 0x00, 0x00, 0x00, 0x00, 0x00, 0x00, 0x00, 0x00, 0x00, 0x00, 0x00, 0x00,
  0x00, 0x00, 0x00, 0x00, 0x00, 0x00, 0x00, 0x00, 0x73, 0xC0, 0x7F, 0xE0, 0x78, 0xF0, 0x70, 0x70, 0x70, 0x70,
  0x70, 0x70, 0x70, 0x70, 0x70, 0x70, 0x70, 0x70, 0x70, 0x70, 0x70, 0x70, 0x70, 0x70, 0x00, 0x00, 0x00, 0x00,
  0x00, 0x00, 0x00, 0x00, 0x00, 0x00, 0x00, 0x00, 0x00, 0x00, 0x00, 0x00, 0x00, 0x00, 0x00, 0x00, 0x00, 0x00,
  0x00, 0x00, 0x00, 0x00, 0x00, 0x00, 0x0F, 0x80, 0x3F, 0xE0, 0x38, 0xE0, 0x70, 0x70, 0x70, 0x70, 0x70, 0x70,
  0x70, 0x70, 0x70, 0x70, 0x70, 0x70, 0x38, 0xE0, 0x3F, 0xE0, 0x0F, 0x80, 0x00, 0x00, 0x00, 0x00, 0x00, 0x00,
  0x00, 0x00, 0x00, 0x00, 0x00, 0x00, 0x00, 0x00, 0x00, 0x00, 0x00, 0x00, 0x00, 0x00, 0x00, 0x00, 0x00, 0x00,
  0x00, 0x00, 0x00, 0x00, 0x77, 0x80, 0x7F, 0xE0, 0x78, 0xE0, 0x70, 0x70, 0x70, 0x70, 0x70, 0x70, 0x70, 0x70,
  0x70, 0x70, 0x70, 0x70, 0x78, 0xE0, 0x7F, 0xE0, 0x77, 0x80, 0x70, 0x00, 0x70, 0x00, 0x70, 0x00, 0x70, 0x00,
  0x00, 0x00, 0x00, 0x00, 0x00, 0x00, 0x00, 0x00, 0x00, 0x00, 0x00, 0x00, 0x00, 0x00, 0x00, 0x00, 0x00, 0x00,
  0x00, 0x00, 0x0F, 0x70, 0x3F, 0xF0, 0x38, 0xF0, 0x70, 0x70, 0x70, 0x70, 0x70, 0x70, 0x70, 0x70, 0x70, 0x70,
  0x70, 0x70, 0x38, 0xF0, 0x3F, 0xF0, 0x0F, 0x70, 0x00, 0x70, 0x00, 0x70, 0x00, 0x70, 0x00, 0x70, 0x00, 0x00,
  0x00, 0x00, 0x00, 0x00, 0x00, 0x00, 0x00, 0x00, 0x00, 0x77, 0x7F, 0x78, 0x70, 0x70, 0x70, 0x70, 0x70, 0x70,
  0x70, 0x70, 0x70, 0x00, 0x00, 0x00, 0x00, 0x00, 0x00, 0x00, 0x00, 0x00, 0x00, 0x00, 0x00, 0x00, 0x00, 0x00,
  0x00, 0x00, 0x00, 0x00, 0x00, 0x00, 0x00, 0x00, 0x1F, 0x80, 0x3F, 0xC0, 0x70, 0xE0, 0x70, 0x00, 0x7C, 0x00,
  0x3F, 0x80, 0x1F, 0xC0, 0x03, 0xE0, 0x00, 0xE0, 0x70, 0xE0, 0x3F, 0xC0, 0x1F, 0x80, 0x00, 0x00, 0x00, 0x00,
  0x00, 0x00, 0x00, 0x00, 0x00, 0x00, 0x00, 0x00, 0x00, 0x00, 0x00, 0x10, 0x30, 0x70, 0x70, 0xFC, 0xFC, 0x70,
  0x70, 0x70, 0x70, 0x70, 0x70, 0x70, 0x70, 0x7C, 0x3C, 0x00, 0x00, 0x00, 0x00, 0x00, 0x00, 0x00, 0x00, 0x00,
  0x00, 0x00, 0x00, 0x00, 0x00, 0x00, 0x00, 0x00, 0x00, 0x00, 0x00, 0x00, 0x00, 0x00, 0x70, 0x70, 0x70, 0x70,
  0x70, 0x70, 0x70, 0x70, 0x70, 0x70, 0x70, 0x70, 0x70, 0x70, 0x70, 0x70, 0x70, 0x70, 0x78, 0xF0, 0x3F, 0xF0,
  0x1F, 0x70, 0x00, 0x00, 0x00, 0x00, 0x00, 0x00, 0x00, 0x00, 0x00, 0x00, 0x00, 0x00, 0x00, 0x00, 0x00, 0x00,
  0x00, 0x00, 0x00, 0x00, 0x00, 0x00, 0x00, 0x00, 0x00, 0x00, 0x00, 0x00, 0x70, 0x70, 0x70, 0x70, 0x70, 0x70,
  0x38, 0xE0, 0x38, 0xE0, 0x1D, 0xC0, 0x1D, 0xC0, 0x1D, 0xC0, 0x0F, 0x80, 0x0F, 0x80, 0x07, 0x00, 0x07, 0x00,
  0x00, 0x00, 0x00, 0x00, 0x00, 0x00, 0x00, 0x00, 0x00, 0x00, 0x00, 0x00, 0x00, 0x00, 0x00, 0x00, 0x00, 0x00,
  0x00, 0x00, 0x00, 0x00, 0x00, 0x00, 0x00, 0x00, 0x00, 0x00, 0x00, 0x00, 0x00, 0x00, 0x00, 0x00, 0x00, 0x00,
  0x00, 0xE0, 0xE0, 0xE0, 0x70, 0xE1, 0xC0, 0x71, 0xF1, 0xC0, 0x71, 0xF1, 0xC0, 0x39, 0xB3, 0x80, 0x3B, 0xBB,
  0x80, 0x3B, 0xBB, 0x80, 0x1B, 0x1B, 0x00, 0x1F, 0x1F, 0x00, 0x1F, 0x1F, 0x00, 0x0E, 0x0E, 0x00, 0x0E, 0x0E,
  0x00, 0x00, 0x00, 0x00, 0x00, 0x00, 0x00, 0x00, 0x00, 0x00, 0x00, 0x00, 0x00, 0x00, 0x00, 0x00, 0x00, 0x00,
  0x00, 0x00, 0x00, 0x00, 0x00, 0x00, 0x00, 0x00, 0x00, 0x00, 0x00, 0x00, 0x00, 0x00, 0x00, 0x00, 0x70, 0xE0,
  0x70, 0xE0, 0x39, 0xC0, 0x1F, 0x80, 0x1F, 0x80, 0x0F, 0x00, 0x0F, 0x00, 0x1F, 0x80, 0x1F, 0x80, 0x39, 0xC0,
  0x70, 0xE0, 0x70, 0xE0, 0x00, 0x00, 0x00, 0x00, 0x00, 0x00, 0x00, 0x00, 0x00, 0x00, 0x00, 0x00, 0x00, 0x00,
  0x00, 0x00, 0x00, 0x00, 0x00, 0x00, 0x00, 0x00, 0x00, 0x00, 0x00, 0x00, 0x00, 0x00, 0xE0, 0xE0, 0xE0, 0xE0,
  0x71, 0xC0, 0x71, 0xC0, 0x71, 0xC0, 0x3B, 0x80, 0x3B, 0x80, 0x3B, 0x80, 0x1F, 0x00, 0x1F, 0x00, 0x1E, 0x00,
  0x0E, 0x00, 0x0E, 0x00, 0x1C, 0x00, 0x7C, 0x00, 0x78, 0x00, 0x00, 0x00, 0x00, 0x00, 0x00, 0x00, 0x00, 0x00,
  0x00, 0x00, 0x00, 0x00, 0x00, 0x00, 0x00, 0x00, 0x00, 0x00, 0x00, 0x00, 0x7F, 0xC0, 0x7F, 0xC0, 0x01, 0xC0,
  0x03, 0x80, 0x07, 0x00, 0x0E, 0x00, 0x0E, 0x00, 0x1C, 0x00, 0x38, 0x00, 0x70, 0x00, 0x7F, 0xC0, 0x7F, 0xC0,
  0x00, 0x00, 0x00, 0x00, 0x00, 0x00, 0x00, 0x00, 0x00, 0x00, 0x00, 0x00, 0x00, 0x00, 0x00, 0x00, 0x00, 0x00,
  0x00, 0x00, 0x07, 0x00, 0x0F, 0x00, 0x1F, 0x00, 0x1C, 0x00, 0x1C, 0x00, 0x1C, 0x00, 0x1C, 0x00, 0x1C, 0x00,
  0x3C, 0x00, 0x78, 0x00, 0x78, 0x00, 0x3C, 0x00, 0x1C, 0x00, 0x1C, 0x00, 0x1C, 0x00, 0x1C, 0x00, 0x1C, 0x00,
  0x1F, 0x00, 0x0F, 0x00, 0x07, 0x00, 0x00, 0x00, 0x00, 0x00, 0x00, 0x00, 0x00, 0x30, 0x30, 0x30, 0x30, 0x30,
  0x30, 0x30, 0x30, 0x30, 0x30, 0x30, 0x30, 0x30, 0x30, 0x30, 0x30, 0x30, 0x30, 0x30, 0x30, 0x30, 0x00, 0x00,
  0x00, 0x00, 0x00, 0x00, 0x00, 0x00, 0x00, 0x00, 0x70, 0x00, 0x78, 0x00, 0x7C, 0x00, 0x1C, 0x00, 0x1C, 0x00,
  0x1C, 0x00, 0x1C, 0x00, 0x1C, 0x00, 0x1E, 0x00, 0x0F, 0x00, 0x0F, 0x00, 0x1E, 0x00, 0x1C, 0x00, 0x1C, 0x00,
  0x1C, 0x00, 0x1C, 0x00, 0x1C, 0x00, 0x7C, 0x00, 0x78, 0x00, 0x70, 0x00, 0x00, 0x00, 0x00, 0x00, 0x00, 0x00,
  0x00, 0x00, 0x00, 0x00, 0x00, 0x00, 0x00, 0x00, 0x00, 0x00, 0x00, 0x00, 0x00, 0x00, 0x00, 0x00, 0x38, 0x00,
  0xFE, 0x30, 0xFF, 0xF0, 0xC7, 0xF0, 0x01, 0xC0, 0x00, 0x00, 0x00, 0x00, 0x00, 0x00, 0x00, 0x00, 0x00, 0x00,
  0x00, 0x00, 0x00, 0x00, 0x00, 0x00, 0x00, 0x00, 0x00, 0x00, 0x00, 0x00, 0x00, 0x00, 0x07, 0x00, 0x03, 0x80,
  0x01, 0xC0, 0x00, 0x00, 0x07, 0xC0, 0x07, 0xC0, 0x07, 0xC0, 0x0E, 0xE0, 0x0E, 0xE0, 0x0E, 0xE0, 0x1C, 0x70,
  0x1C, 0x70, 0x1C, 0x70, 0x3F, 0xF8, 0x3F, 0xF8, 0x3F, 0xF8, 0x70, 0x1C, 0x70, 0x1C, 0x70, 0x1C, 0xE0, 0x0E,
  0x00, 0x00, 0x00, 0x00, 0x00, 0x00, 0x00, 0x00, 0x00, 0x00, 0x00, 0x00, 0x00, 0xE0, 0x01, 0xC0, 0x03, 0x80,
  0x00, 0x00, 0x07, 0xC0, 0x07, 0xC0, 0x07, 0xC0, 0x0E, 0xE0, 0x0E, 0xE0, 0x0E, 0xE0, 0x1C, 0x70, 0x1C, 0x70,
  0x1C, 0x70, 0x3F, 0xF8, 0x3F, 0xF8, 0x3F, 0xF8, 0x70, 0x1C, 0x70, 0x1C, 0x70, 0x1C, 0xE0, 0x0E, 0x00, 0x00,
  0x00, 0x00, 0x00, 0x00, 0x00, 0x00, 0x00, 0x00, 0x03, 0x80, 0x07, 0xC0, 0x06, 0xC0, 0x0C, 0x60, 0x00, 0x00,
  0x07, 0xC0, 0x07, 0xC0, 0x07, 0xC0, 0x0E, 0xE0, 0x0E, 0xE0, 0x0E, 0xE0, 0x1C, 0x70, 0x1C, 0x70, 0x1C, 0x70,
  0x3F, 0xF8, 0x3F, 0xF8, 0x3F, 0xF8, 0x70, 0x1C, 0x70, 0x1C, 0x70, 0x1C, 0xE0, 0x0E, 0x00, 0x00, 0x00, 0x00,
  0x00, 0x00, 0x00, 0x00, 0x00, 0x00, 0x00, 0x00, 0x06, 0x60, 0x0F, 0xE0, 0x0C, 0xC0, 0x00, 0x00, 0x07, 0xC0,
  0x07, 0xC0, 0x07, 0xC0, 0x0E, 0xE0, 0x0E, 0xE0, 0x0E, 0xE0, 0x1C, 0x70, 0x1C, 0x70, 0x1C, 0x70, 0x3F, 0xF8,
  0x3F, 0xF8, 0x3F, 0xF8, 0x70, 0x1C, 0x70, 0x1C, 0x70, 0x1C, 0xE0, 0x0E, 0x00, 0x00, 0x00, 0x00, 0x00, 0x00,
  0x00, 0x00, 0x00, 0x00, 0x00, 0x00, 0x07, 0x00, 0x03, 0x80, 0x01, 0xC0, 0x00, 0x00, 0x3F, 0xFC, 0x3F, 0xFC,
  0x3F, 0xFC, 0x38, 0x00, 0x38, 0x00, 0x38, 0x00, 0x3F, 0xF8, 0x3F, 0xF8, 0x3F, 0xF8, 0x38, 0x00, 0x38, 0x00,
  0x38, 0x00, 0x38, 0x00, 0x3F, 0xFC, 0x3F, 0xFC, 0x3F, 0xFC, 0x00, 0x00, 0x00, 0x00, 0x00, 0x00, 0x00, 0x00,
  0x00, 0x00, 0x00, 0x00, 0x00, 0xE0, 0x01, 0xC0, 0x03, 0x80, 0x00, 0x00, 0x3F, 0xFC, 0x3F, 0xFC, 0x3F, 0xFC,
  0x38, 0x00, 0x38, 0x00, 0x38, 0x00, 0x3F, 0xF8, 0x3F, 0xF8, 0x3F, 0xF8, 0x38, 0x00, 0x38, 0x00, 0x38, 0x00,
  0x38, 0x00, 0x3F, 0xFC, 0x3F, 0xFC, 0x3F, 0xFC, 0x00, 0x00, 0x00, 0x00, 0x00, 0x00, 0x00, 0x00, 0x00, 0x00,
  0x01, 0xC0, 0x03, 0xE0, 0x03, 0x60, 0x06, 0x30, 0x00, 0x00, 0x3F, 0xFC, 0x3F, 0xFC, 0x3F, 0xFC, 0x38, 0x00,
  0x38, 0x00, 0x38, 0x00, 0x3F, 0xF8, 0x3F, 0xF8, 0x3F, 0xF8, 0x38, 0x00, 0x38, 0x00, 0x38, 0x00, 0x38, 0x00,
  0x3F, 0xFC, 0x3F, 0xFC, 0x3F, 0xFC, 0x00, 0x00, 0x00, 0x00, 0x00, 0x00, 0x00, 0x00, 0x00, 0x00, 0x00, 0xE0,
  0x70, 0x38, 0x00, 0x70, 0x70, 0x70, 0x70, 0x70, 0x70, 0x70, 0x70, 0x70, 0x70, 0x70, 0x70, 0x70, 0x70, 0x70,
  0x70, 0x00, 0x00, 0x00, 0x00, 0x00, 0x00, 0x38, 0x70, 0xE0, 0x00, 0x70, 0x70, 0x70, 0x70, 0x70, 0x70, 0x70,
  0x70, 0x70, 0x70, 0x70, 0x70, 0x70, 0x70, 0x70, 0x70, 0x00, 0x00, 0x00, 0x00, 0x00, 0x00, 0x00, 0x00, 0x03,
  0x80, 0x00, 0x01, 0xC0, 0x00, 0x00, 0xE0, 0x00, 0x00, 0x00, 0x00, 0x07, 0xE0, 0x00, 0x0F, 0xF8, 0x00, 0x1F,
  0xFC, 0x00, 0x3C, 0x1E, 0x00, 0x38, 0x0E, 0x00, 0x70, 0x07, 0x00, 0x70, 0x07, 0x00, 0x70, 0x07, 0x00, 0x70,
  0x07, 0x00, 0x70, 0x07, 0x00, 0x70, 0x07, 0x00, 0x38, 0x0E, 0x00, 0x3C, 0x1E, 0x00, 0x1F, 0xFC, 0x00, 0x0F,
  0xF8, 0x00, 0x07, 0xF0, 0x00, 0x00, 0x00, 0x00, 0x00, 0x00, 0x00, 0x00, 0x00, 0x00, 0x00, 0x00, 0x00, 0x00,
  0x00, 0x00, 0x00, 0x00, 0x00, 0x00, 0xE0, 0x00, 0x01, 0xC0, 0x00, 0x03, 0x80, 0x00, 0x00, 0x00, 0x00, 0x07,
  0xE0, 0x00, 0x0F, 0xF8, 0x00, 0x1F, 0xFC, 0x00, 0x3C, 0x1E, 0x00, 0x38, 0x0E, 0x00, 0x70, 0x07, 0x00, 0x70,
  0x07, 0x00, 0x70, 0x07, 0x00, 0x70, 0x07, 0x00, 0x70, 0x07, 0x00, 0x70, 0x07, 0x00, 0x38, 0x0E, 0x00, 0x3C,
  0x1E, 0x00, 0x1F, 0xFC, 0x00, 0x0F, 0xF8, 0x00, 0x07, 0xF0, 0x00, 0x00, 0x00, 0x00, 0x00, 0x00, 0x00, 0x00,
  0x00, 0x00, 0x00, 0x00, 0x00, 0x00, 0x00, 0x00, 0x01, 0xC0, 0x00, 0x03, 0xE0, 0x00, 0x03, 0x60, 0x00, 0x06,
  0x30, 0x00, 0x00, 0x00, 0x00, 0x07, 0xE0, 0x00, 0x0F, 0xF8, 0x00, 0x1F, 0xFC, 0x00, 0x3C, 0x1E, 0x00, 0x38,
  0x0E, 0x00, 0x70, 0x07, 0x00, 0x70, 0x07, 0x00, 0x70, 0x07, 0x00, 0x70, 0x07, 0x00, 0x70, 0x07, 0x00, 0x70,
  0x07, 0x00, 0x38, 0x0E, 0x00, 0x3C, 0x1E, 0x00, 0x1F, 0xFC, 0x00, 0x0F, 0xF8, 0x00, 0x07, 0xF0, 0x00, 0x00,
  0x00, 0x00, 0x00, 0x00, 0x00, 0x00, 0x00, 0x00, 0x00, 0x00, 0x00, 0x00, 0x00, 0x00, 0x00, 0x00, 0x00, 0x03,
  0x30, 0x00, 0x07, 0xF0, 0x00, 0x06, 0x60, 0x00, 0x00, 0x00, 0x00, 0x07, 0xE0, 0x00, 0x0F, 0xF8, 0x00, 0x1F,
  0xFC, 0x00, 0x3C, 0x1E, 0x00, 0x38, 0x0E, 0x00, 0x70, 0x07, 0x00, 0x70, 0x07, 0x00, 0x70, 0x07, 0x00, 0x70,
  0x07, 0x00, 0x70, 0x07, 0x00, 0x70, 0x07, 0x00, 0x38, 0x0E, 0x00, 0x3C, 0x1E, 0x00, 0x1F, 0xFC, 0x00, 0x0F,
  0xF8, 0x00, 0x07, 0xF0, 0x00, 0x00, 0x00, 0x00, 0x00, 0x00, 0x00, 0x00, 0x00, 0x00, 0x00, 0x00, 0x00, 0x00,
  0x00, 0x00, 0x00, 0x00, 0x07, 0x00, 0x03, 0x80, 0x01, 0xC0, 0x00, 0x00, 0x38, 0x1C, 0x38, 0x1C, 0x38, 0x1C,
  0x38, 0x1C, 0x38, 0x1C, 0x38, 0x1C, 0x38, 0x1C, 0x38, 0x1C, 0x38, 0x1C, 0x38, 0x1C, 0x38, 0x1C, 0x38, 0x1C,
  0x3C, 0x3C, 0x1F, 0xF8, 0x1F, 0xF8, 0x07, 0xE0, 0x00, 0x00, 0x00, 0x00, 0x00, 0x00, 0x00, 0x00, 0x00, 0x00,
  0x00, 0x00, 0x00, 0xE0, 0x01, 0xC0, 0x03, 0x80, 0x00, 0x00, 0x38, 0x1C, 0x38, 0x1C, 0x38, 0x1C, 0x38, 0x1C,
  0x38, 0x1C, 0x38, 0x1C, 0x38, 0x1C, 0x38, 0x1C, 0x38, 0x1C, 0x38, 0x1C, 0x38, 0x1C, 0x38, 0x1C, 0x3C, 0x3C,
  0x1F, 0xF8, 0x1F, 0xF8, 0x07, 0xE0, 0x00, 0x00, 0x00, 0x00, 0x00, 0x00, 0x00, 0x00, 0x00, 0x00, 0x00, 0x00,
  0x00, 0xE0, 0x01, 0xC0, 0x03, 0x80, 0x00, 0x00, 0x70, 0x1C, 0x78, 0x3C, 0x38, 0x38, 0x1C, 0x70, 0x1C, 0x70,
  0x0E, 0xE0, 0x0E, 0xE0, 0x07, 0xC0, 0x03, 0x80, 0x03, 0x80, 0x03, 0x80, 0x03, 0x80, 0x03, 0x80, 0x03, 0x80,
  0x03, 0x80, 0x03, 0x80, 0x00, 0x00, 0x00, 0x00, 0x00, 0x00, 0x00, 0x00, 0x00, 0x00, 0x00, 0x00, 0x00, 0x00,
  0x00, 0x00, 0x00, 0x00, 0x1C, 0x00, 0x0E, 0x00, 0x07, 0x00, 0x00, 0x00, 0x00, 0x00, 0x1F, 0x80, 0x3F, 0xC0,
  0x60, 0xE0, 0x00, 0xE0, 0x03, 0xE0, 0x1F, 0xE0, 0x3C, 0xE0, 0x70, 0xE0, 0x70, 0xE0, 0x71, 0xE0, 0x3F, 0xE0,
  0x1E, 0x70, 0x00, 0x00, 0x00, 0x00, 0x00, 0x00, 0x00, 0x00, 0x00, 0x00, 0x00, 0x00, 0x00, 0x00, 0x00, 0x00,
  0x00, 0x00, 0x03, 0x80, 0x07, 0x00, 0x0E, 0x00, 0x00, 0x00, 0x00, 0x00, 0x1F, 0x80, 0x3F, 0xC0, 0x60, 0xE0,
  0x00, 0xE0, 0x03, 0xE0, 0x1F, 0xE0, 0x3C, 0xE0, 0x70, 0xE0, 0x70, 0xE0, 0x71, 0xE0, 0x3F, 0xE0, 0x1E, 0x70,
  0x00, 0x00, 0x00, 0x00, 0x00, 0x00, 0x00, 0x00, 0x00, 0x00, 0x00, 0x00, 0x00, 0x00, 0x00, 0x00, 0x07, 0x00,
  0x0F, 0x80, 0x0D, 0x80, 0x18, 0xC0, 0x00, 0x00, 0x00, 0x00, 0x1F, 0x80, 0x3F, 0xC0, 0x60, 0xE0, 0x00, 0xE0,
  0x03, 0xE0, 0x1F, 0xE0, 0x3C, 0xE0, 0x70, 0xE0, 0x70, 0xE0, 0x71, 0xE0, 0x3F, 0xE0, 0x1E, 0x70, 0x00, 0x00,
  0x00, 0x00, 0x00, 0x00, 0x00, 0x00, 0x00, 0x00, 0x00, 0x00, 0x00, 0x00, 0x00, 0x00, 0x00, 0x00, 0x0C, 0xC0,
  0x1F, 0xC0, 0x19, 0x80, 0x00, 0x00, 0x00, 0x00, 0x1F, 0x80, 0x3F, 0xC0, 0x60, 0xE0, 0x00, 0xE0, 0x03, 0xE0,
  0x1F, 0xE0, 0x3C, 0xE0, 0x70, 0xE0, 0x70, 0xE0, 0x71, 0xE0, 0x3F, 0xE0, 0x1E, 0x70, 0x00, 0x00, 0x00, 0x00,
  0x00, 0x00, 0x00, 0x00, 0x00, 0x00, 0x00, 0x00, 0x00, 0x00, 0x00, 0x00, 0x00, 0x00, 0x1C, 0x00, 0x0E, 0x00,
  0x07, 0x00, 0x00, 0x00, 0x00, 0x00, 0x0F, 0x00, 0x3F, 0xC0, 0x39, 0xC0, 0x70, 0xE0, 0x70, 0xE0, 0x7F, 0xE0,
  0x7F, 0xE0, 0x70, 0x00, 0x70, 0xE0, 0x39, 0xC0, 0x3F, 0xC0, 0x0F, 0x00, 0x00, 0x00, 0x00, 0x00, 0x00, 0x00,
  0x00, 0x00, 0x00, 0x00, 0x00, 0x00, 0x00, 0x00, 0x00, 0x00, 0x00, 0x00, 0x03, 0x80, 0x07, 0x00, 0x0E, 0x00,
  0x00, 0x00, 0x00, 0x00, 0x0F, 0x00, 0x3F, 0xC0, 0x39, 0xC0, 0x70, 0xE0, 0x70, 0xE0, 0x7F, 0xE0, 0x7F, 0xE0,
  0x70, 0x00, 0x70, 0xE0, 0x39, 0xC0, 0x3F, 0xC0, 0x0F, 0x00, 0x00, 0x00, 0x00, 0x00, 0x00, 0x00, 0x00, 0x00,
  0x00, 0x00, 0x00, 0x00, 0x00, 0x00, 0x00, 0x00, 0x0E, 0x00, 0x0F, 0x00, 0x1B, 0x00, 0x19, 0x80, 0x00, 0x00,
  0x00, 0x00, 0x0F, 0x00, 0x3F, 0xC0, 0x39, 0xC0, 0x70, 0xE0, 0x70, 0xE0, 0x7F, 0xE0, 0x7F, 0xE0, 0x70, 0x00,
  0x70, 0xE0, 0x39, 0xC0, 0x3F, 0xC0, 0x0F, 0x00, 0x00, 0x00, 0x00, 0x00, 0x00, 0x00, 0x00, 0x00, 0x00, 0x00,
  0x00, 0x00, 0x00, 0x00, 0xE0, 0x70, 0x38, 0x00, 0x00, 0x70, 0x70, 0x70, 0x70, 0x70, 0x70, 0x70, 0x70, 0x70,
  0x70, 0x70, 0x70, 0x00, 0x00, 0x00, 0x00, 0x00, 0x00, 0x00, 0x00, 0x00, 0x38, 0x70, 0xE0, 0x00, 0x00, 0x70,
  0x70, 0x70, 0x70, 0x70, 0x70, 0x70, 0x70, 0x70, 0x70, 0x70, 0x70, 0x00, 0x00, 0x00, 0x00, 0x00, 0x00, 0x00,
  0x00, 0x00, 0x00, 0x00, 0x00, 0x00, 0x0E, 0x00, 0x07, 0x00, 0x03, 0x80, 0x00, 0x00, 0x00, 0x00, 0x0F, 0x80,
  0x3F, 0xE0, 0x38, 0xE0, 0x70, 0x70, 0x70, 0x70, 0x70, 0x70, 0x70, 0x70, 0x70, 0x70, 0x70, 0x70, 0x38, 0xE0,
  0x3F, 0xE0, 0x0F, 0x80, 0x00, 0x00, 0x00, 0x00, 0x00, 0x00, 0x00, 0x00, 0x00, 0x00, 0x00, 0x00, 0x00, 0x00,
  0x00, 0x00, 0x00, 0x00, 0x01, 0xC0, 0x03, 0x80, 0x07, 0x00, 0x00, 0x00, 0x00, 0x00, 0x0F, 0x80, 0x3F, 0xE0,
  0x38, 0xE0, 0x70, 0x70, 0x70, 0x70, 0x70, 0x70, 0x70, 0x70, 0x70, 0x70, 0x70, 0x70, 0x38, 0xE0, 0x3F, 0xE0,
  0x0F, 0x80, 0x00, 0x00, 0x00, 0x00, 0x00, 0x00, 0x00, 0x00, 0x00, 0x00, 0x00, 0x00, 0x00, 0x00, 0x00, 0x00,
  0x07, 0x00, 0x0F, 0x80, 0x0D, 0x80, 0x18, 0xC0, 0x00, 0x00, 0x00, 0x00, 0x0F, 0x80, 0x3F, 0xE0, 0x38, 0xE0,
  0x70, 0x70, 0x70, 0x70, 0x70, 0x70, 0x70, 0x70, 0x70, 0x70, 0x70, 0x70, 0x38, 0xE0, 0x3F, 0xE0, 0x0F, 0x80,
  0x00, 0x00, 0x00, 0x00, 0x00, 0x00, 0x00, 0x00, 0x00, 0x00, 0x00, 0x00, 0x00, 0x00, 0x00, 0x00, 0x00, 0x00,
  0x0C, 0xC0, 0x1F, 0xC0, 0x19, 0x80, 0x00, 0x00, 0x00, 0x00, 0x0F, 0x80, 0x3F, 0xE0, 0x38, 0xE0, 0x70, 0x70,
  0x70, 0x70, 0x70, 0x70, 0x70, 0x70, 0x70, 0x70, 0x70, 0x70, 0x38, 0xE0, 0x3F, 0xE0, 0x0F, 0x80, 0x00, 0x00,
  0x00, 0x00, 0x00, 0x00, 0x00, 0x00, 0x00, 0x00, 0x00, 0x00, 0x00, 0x00, 0x00, 0x00, 0x00, 0x00, 0x0E, 0x00,
  0x07, 0x00, 0x03, 0x80, 0x00, 0x00, 0x00, 0x00, 0x70, 0x70, 0x70, 0x70, 0x70, 0x70, 0x70, 0x70, 0x70, 0x70,
  0x70, 0x70, 0x70, 0x70, 0x70, 0x70, 0x70, 0x70, 0x78, 0xF0, 0x3F, 0xF0, 0x1F, 0x70, 0x00, 0x00, 0x00, 0x00,
  0x00, 0x00, 0x00, 0x00, 0x00, 0x00, 0x00, 0x00, 0x00, 0x00, 0x00, 0x00, 0x00, 0x00, 0x01, 0xC0, 0x03, 0x80,
  0x07, 0x00, 0x00, 0x00, 0x00, 0x00, 0x70, 0x70, 0x70, 0x70, 0x70, 0x70, 0x70, 0x70, 0x70, 0x70, 0x70, 0x70,
  0x70, 0x70, 0x70, 0x70, 0x70, 0x70, 0x78, 0xF0, 0x3F, 0xF0, 0x1F, 0x70, 0x00, 0x00, 0x00, 0x00, 0x00, 0x00,
  0x00, 0x00, 0x00, 0x00, 0x00, 0x00, 0x00, 0x00, 0x00, 0x00, 0x00, 0x00, 0x03, 0x80, 0x07, 0x00, 0x0E, 0x00,
  0x00, 0x00, 0x00, 0x00, 0xE0, 0xE0, 0xE0, 0xE0, 0x71, 0xC0, 0x71, 0xC0, 0x71, 0xC0, 0x3B, 0x80, 0x3B, 0x80,
  0x3B, 0x80, 0x1F, 0x00, 0x1F, 0x00, 0x1E, 0x00, 0x0E, 0x00, 0x0E, 0x00, 0x1C, 0x00, 0x7C, 0x00, 0x78, 0x00,
  0x00, 0x00, 0x0C, 0x60, 0x0C, 0x60, 0x07, 0xC0, 0x03, 0x80, 0x00, 0x00, 0x07, 0xC0, 0x07, 0xC0, 0x07, 0xC0,
  0x0E, 0xE0, 0x0E, 0xE0, 0x0E, 0xE0, 0x1C, 0x70, 0x1C, 0x70, 0x1C, 0x70, 0x3F, 0xF8, 0x3F, 0xF8, 0x3F, 0xF8,
  0x70, 0x1C, 0x70, 0x1C, 0x70, 0x1C, 0xE0, 0x0E, 0x00, 0x00, 0x00, 0x00, 0x00, 0x00, 0x00, 0x00, 0x00, 0x00,
  0x00, 0x00, 0x00, 0x00, 0x00, 0x00, 0x18, 0xC0, 0x18, 0xC0, 0x0F, 0x80, 0x07, 0x00, 0x00, 0x00, 0x00, 0x00,
  0x1F, 0x80, 0x3F, 0xC0, 0x60, 0xE0, 0x00, 0xE0, 0x03, 0xE0, 0x1F, 0xE0, 0x3C, 0xE0, 0x70, 0xE0, 0x70, 0xE0,
  0x71, 0xE0, 0x3F, 0xE0, 0x1E, 0x70, 0x00, 0x00, 0x00, 0x00, 0x00, 0x00, 0x00, 0x00, 0x00, 0x00, 0x00, 0x00,
  0x00, 0x00, 0x00, 0x00, 0x00, 0x00, 0x00, 0x00, 0x3F, 0xE0, 0x3F, 0xF8, 0x3F, 0xFC, 0x38, 0x3C, 0x38, 0x1E,
  0x38, 0x0E, 0x38, 0x0E, 0xFF, 0x8E, 0xFF, 0x8E, 0x38, 0x0E, 0x38, 0x0E, 0x38, 0x1E, 0x38, 0x3C, 0x3F, 0xFC,
  0x3F, 0xF8, 0x3F, 0xE0, 0x00, 0x00, 0x00, 0x00, 0x00, 0x00, 0x00, 0x00, 0x00, 0x00, 0x00, 0x00, 0x00, 0x00,
  0x00, 0x00, 0x00, 0x00, 0x00, 0x00, 0x00, 0x70, 0x00, 0x70, 0x03, 0xF8, 0x00, 0x70, 0x0F, 0x70, 0x3F, 0xF0,
  0x38, 0xF0, 0x70, 0x70, 0x70, 0x70, 0x70, 0x70, 0x70, 0x70, 0x70, 0x70, 0x70, 0x70, 0x38, 0xF0, 0x3F, 0xF0,
  0x0F, 0x70, 0x00, 0x00, 0x00, 0x00, 0x00, 0x00, 0x00, 0x00, 0x00, 0x00, 0x00, 0x66, 0xFE, 0xCE, 0x00, 0x38,
  0x38, 0x38, 0x38, 0x38, 0x38, 0x38, 0x38, 0x38, 0x38, 0x38, 0x38, 0x38, 0x38, 0x38, 0x38, 0x00, 0x00, 0x00,
  0x00, 0x00, 0x00, 0x00, 0x00, 0x00, 0x66, 0xFE, 0xCE, 0x00, 0x00, 0x38, 0x38, 0x38, 0x38, 0x38, 0x38, 0x38,
  0x38, 0x38, 0x38, 0x38, 0x38, 0x00, 0x00, 0x00, 0x00, 0x00, 0x00, 0x00, 0x06, 0x60, 0x0F, 0xE0, 0x0C, 0xE0,
  0x00, 0x00, 0x38, 0x1C, 0x38, 0x1C, 0x38, 0x1C, 0x38, 0x1C, 0x38, 0x1C, 0x38, 0x1C, 0x38, 0x1C, 0x38, 0x1C,
  0x38, 0x1C, 0x38, 0x1C, 0x38, 0x1C, 0x38, 0x1C, 0x3C, 0x3C, 0x1F, 0xF8, 0x1F, 0xF8, 0x07, 0xE0, 0x00, 0x00,
  0x00, 0x00, 0x00, 0x00, 0x00, 0x00, 0x00, 0x00, 0x00, 0x00, 0x00, 0x00, 0x00, 0x00, 0x00, 0x00, 0x0C, 0xC0,
  0x1F, 0xC0, 0x19, 0x80, 0x00, 0x00, 0x00, 0x00, 0x70, 0x70, 0x70, 0x70, 0x70, 0x70, 0x70, 0x70, 0x70, 0x70,
  0x70, 0x70, 0x70, 0x70, 0x70, 0x70, 0x70, 0x70, 0x78, 0xF0, 0x3F, 0xF0, 0x1F, 0x70, 0x00, 0x00, 0x00, 0x00,
  0x00, 0x00, 0x00, 0x00, 0x00, 0x00, 0x00, 0x00, 0x00, 0x00, 0x00, 0x00, 0x00, 0x00, 0x00, 0x00, 0x00, 0x00,
  0x00, 0x00, 0x00, 0x07, 0xF0, 0xE0, 0x0F, 0xF8, 0xE0, 0x1F, 0xFC, 0xE0, 0x3C, 0x1E, 0x20, 0x38, 0x0F, 0x40,
  0x70, 0x07, 0x80, 0x70, 0x07, 0x00, 0x70, 0x07, 0x00, 0x70, 0x07, 0x00, 0x70, 0x07, 0x00, 0x70, 0x07, 0x00,
  0x38, 0x0E, 0x00, 0x3C, 0x1E, 0x00, 0x1F, 0xFC, 0x00, 0x0F, 0xF8, 0x00, 0x07, 0xE0, 0x00, 0x00, 0x00, 0x00,
  0x00, 0x00, 0x00, 0x00, 0x00, 0x00, 0x00, 0x00, 0x00, 0x00, 0x00, 0x00, 0x00, 0x00, 0x00, 0x00, 0x00, 0x00,
  0x00, 0x00, 0x00, 0x00, 0x00, 0x00, 0x00, 0x00, 0x00, 0x00, 0x00, 0x00, 0x0F, 0x87, 0x3F, 0xE7, 0x38, 0xE7,
  0x70, 0x71, 0x70, 0x72, 0x70, 0x7C, 0x70, 0x70, 0x70, 0x70, 0x70, 0x70, 0x38, 0xE0, 0x3F, 0xE0, 0x0F, 0x80,
  0x00, 0x00, 0x00, 0x00, 0x00, 0x00, 0x00, 0x00, 0x00, 0x00, 0x00, 0x00, 0x00, 0x00, 0x00, 0x00, 0x00, 0x00,
  0x00, 0x00, 0x00, 0x00, 0x00, 0x00, 0x00, 0x38, 0x1D, 0xC0, 0x38, 0x1D, 0xC0, 0x38, 0x1D, 0xC0, 0x38, 0x1C,
  0x40, 0x38, 0x1C, 0x40, 0x38, 0x1C, 0x80, 0x38, 0x1F, 0x00, 0x38, 0x1C, 0x00, 0x38, 0x1C, 0x00, 0x38, 0x1C,
  0x00, 0x38, 0x1C, 0x00, 0x38, 0x1C, 0x00, 0x3C, 0x3C, 0x00, 0x1F, 0xF8, 0x00, 0x1F, 0xF8, 0x00, 0x07, 0xE0,
  0x00, 0x00, 0x00, 0x00, 0x00, 0x00, 0x00, 0x00, 0x00, 0x00, 0x00, 0x00, 0x00, 0x00, 0x00, 0x00, 0x00, 0x00,
  0x00, 0x00, 0x00, 0x00, 0x00, 0x00, 0x00, 0x00, 0x00, 0x00, 0x00, 0x00, 0x00, 0x00, 0x00, 0x00, 0x70, 0x77,
  0x70, 0x77, 0x70, 0x77, 0x70, 0x71, 0x70, 0x71, 0x70, 0x72, 0x70, 0x7C, 0x70, 0x70, 0x70, 0x70, 0x78, 0xF0,
  0x3F, 0xF0, 0x1E, 0x70, 0x00, 0x00, 0x00, 0x00, 0x00, 0x00, 0x00, 0x00, 0x00, 0x00, 0x00, 0x00, 0x00, 0x00,
  0x00, 0x00, 0x00, 0x00, 0x00, 0x00, 0x07, 0xC0, 0x07, 0xC0, 0x07, 0xC0, 0x0E, 0xE0, 0x0E, 0xE0, 0x0E, 0xE0,
  0x1C, 0x70, 0x1C, 0x70, 0x1C, 0x70, 0x3F, 0xF8, 0x3F, 0xF8, 0x3F, 0xF8, 0x70, 0x1C, 0x70, 0x1C, 0x70, 0x1C,
  0xE0, 0x0E, 0x00, 0x00, 0x03, 0x80, 0x03, 0x80, 0x03, 0x80, 0x00, 0x00, 0x00, 0x00, 0x00, 0x00, 0x00, 0x00,
  0x00, 0x00, 0x00, 0x00, 0x00, 0x00, 0x00, 0x00, 0x00, 0x00, 0x00, 0x00, 0x1F, 0x80, 0x3F, 0xC0, 0x60, 0xE0,
  0x00, 0xE0, 0x03, 0xE0, 0x1F, 0xE0, 0x3C, 0xE0, 0x70, 0xE0, 0x70, 0xE0, 0x71, 0xE0, 0x3F, 0xE0, 0x1E, 0x70,
  0x00, 0x00, 0x07, 0x00, 0x07, 0x00, 0x07, 0x00, 0x00, 0x00, 0x03, 0x80, 0x00, 0xC0, 0x01, 0x00, 0x00, 0x00,
  0x00, 0x00, 0x07, 0xC0, 0x07, 0xC0, 0x07, 0xC0, 0x0E, 0xE0, 0x0E, 0xE0, 0x0E, 0xE0, 0x1C, 0x70, 0x1C, 0x70,
  0x1C, 0x70, 0x3F, 0xF8, 0x3F, 0xF8, 0x3F, 0xF8, 0x70, 0x1C, 0x70, 0x1C, 0x70, 0x1C, 0xE0, 0x0E, 0x00, 0x00,
  0x00, 0x00, 0x00, 0x00, 0x00, 0x00, 0x00, 0x00, 0x00, 0x00, 0x00, 0x00, 0x00, 0x00, 0x07, 0x80, 0x01, 0x80,
  0x02, 0x00, 0x00, 0x00, 0x00, 0x00, 0x1F, 0x80, 0x3F, 0xC0, 0x60, 0xE0, 0x00, 0xE0, 0x03, 0xE0, 0x1F, 0xE0,
  0x3C, 0xE0, 0x70, 0xE0, 0x70, 0xE0, 0x71, 0xE0, 0x3F, 0xE0, 0x1E, 0x70, 0x00, 0x00, 0x00, 0x00, 0x00, 0x00,
  0x00, 0x00, 0x00, 0x00, 0x00, 0x00, 0x01, 0x80, 0x03, 0x00, 0x03, 0x80, 0x0C, 0xC0, 0x00, 0x00, 0x07, 0xC0,
  0x07, 0xC0, 0x07, 0xC0, 0x0E, 0xE0, 0x0E, 0xE0, 0x0E, 0xE0, 0x1C, 0x70, 0x1C, 0x70, 0x1C, 0x70, 0x3F, 0xF8,
  0x3F, 0xF8, 0x3F, 0xF8, 0x70, 0x1C, 0x70, 0x1C, 0x70, 0x1C, 0xE0, 0x0E, 0x00, 0x00, 0x00, 0x00, 0x00, 0x00,
  0x00, 0x00, 0x00, 0x00, 0x01, 0xC0, 0x03, 0x80, 0x07, 0x00, 0x00, 0x00, 0x07, 0x00, 0x0F, 0x80, 0x0D, 0x80,
  0x18, 0xC0, 0x00, 0x00, 0x1F, 0x80, 0x3F, 0xC0, 0x60, 0xE0, 0x00, 0xE0, 0x03, 0xE0, 0x1F, 0xE0, 0x3C, 0xE0,
  0x70, 0xE0, 0x70, 0xE0, 0x71, 0xE0, 0x3F, 0xE0, 0x1E, 0x70, 0x00, 0x00, 0x00, 0x00, 0x00, 0x00, 0x00, 0x00,
  0x00, 0x00, 0x06, 0x00, 0x03, 0x00, 0x03, 0x80, 0x0C, 0xC0, 0x00, 0x00, 0x07, 0xC0, 0x07, 0xC0, 0x07, 0xC0,
  0x0E, 0xE0, 0x0E, 0xE0, 0x0E, 0xE0, 0x1C, 0x70, 0x1C, 0x70, 0x1C, 0x70, 0x3F, 0xF8, 0x3F, 0xF8, 0x3F, 0xF8,
  0x70, 0x1C, 0x70, 0x1C, 0x70, 0x1C, 0xE0, 0x0E, 0x00, 0x00, 0x00, 0x00, 0x00, 0x00, 0x00, 0x00, 0x00, 0x00,
  0x0E, 0x00, 0x07, 0x00, 0x03, 0x80, 0x00, 0x00, 0x07, 0x00, 0x0F, 0x80, 0x0D, 0x80, 0x18, 0xC0, 0x00, 0x00,
  0x1F, 0x80, 0x3F, 0xC0, 0x60, 0xE0, 0x00, 0xE0, 0x03, 0xE0, 0x1F, 0xE0, 0x3C, 0xE0, 0x70, 0xE0, 0x70, 0xE0,
  0x71, 0xE0, 0x3F, 0xE0, 0x1E, 0x70, 0x00, 0x00, 0x00, 0x00, 0x00, 0x00, 0x00, 0x00, 0x00, 0x00, 0x07, 0x00,
  0x03, 0x00, 0x03, 0x80, 0x0C, 0xC0, 0x00, 0x00, 0x07, 0xC0, 0x07, 0xC0, 0x07, 0xC0, 0x0E, 0xE0, 0x0E, 0xE0,
  0x0E, 0xE0, 0x1C, 0x70, 0x1C, 0x70, 0x1C, 0x70, 0x3F, 0xF8, 0x3F, 0xF8, 0x3F, 0xF8, 0x70, 0x1C, 0x70, 0x1C,
  0x70, 0x1C, 0xE0, 0x0E, 0x00, 0x00, 0x00, 0x00, 0x00, 0x00, 0x00, 0x00, 0x00, 0x00, 0x07, 0x80, 0x01, 0x80,
  0x02, 0x00, 0x00, 0x00, 0x07, 0x00, 0x0F, 0x80, 0x0D, 0x80, 0x18, 0xC0, 0x00, 0x00, 0x1F, 0x80, 0x3F, 0xC0,
  0x60, 0xE0, 0x00, 0xE0, 0x03, 0xE0, 0x1F, 0xE0, 0x3C, 0xE0, 0x70, 0xE0, 0x70, 0xE0, 0x71, 0xE0, 0x3F, 0xE0,
  0x1E, 0x70, 0x00, 0x00, 0x00, 0x00, 0x00, 0x00, 0x00, 0x00, 0x00, 0x00, 0x0E, 0x40, 0x09, 0xC0, 0x03, 0x80,
  0x0C, 0xC0, 0x00, 0x00, 0x07, 0xC0, 0x07, 0xC0, 0x07, 0xC0, 0x0E, 0xE0, 0x0E, 0xE0, 0x0E, 0xE0, 0x1C, 0x70,
  0x1C, 0x70, 0x1C, 0x70, 0x3F, 0xF8, 0x3F, 0xF8, 0x3F, 0xF8, 0x70, 0x1C, 0x70, 0x1C, 0x70, 0x1C, 0xE0, 0x0E,
  0x00, 0x00, 0x00, 0x00, 0x00, 0x00, 0x00, 0x00, 0x00, 0x00, 0x0E, 0xC0, 0x0F, 0xC0, 0x19, 0xC0, 0x00, 0x00,
  0x07, 0x00, 0x0F, 0x80, 0x0D, 0x80, 0x18, 0xC0, 0x00, 0x00, 0x1F, 0x80, 0x3F, 0xC0, 0x60, 0xE0, 0x00, 0xE0,
  0x03, 0xE0, 0x1F, 0xE0, 0x3C, 0xE0, 0x70, 0xE0, 0x70, 0xE0, 0x71, 0xE0, 0x3F, 0xE0, 0x1E, 0x70, 0x00, 0x00,
  0x00, 0x00, 0x00, 0x00, 0x00, 0x00, 0x00, 0x00, 0x00, 0x00, 0x00, 0x00, 0x03, 0x80, 0x0C, 0xC0, 0x00, 0x00,
  0x07, 0xC0, 0x07, 0xC0, 0x07, 0xC0, 0x0E, 0xE0, 0x0E, 0xE0, 0x0E, 0xE0, 0x1C, 0x70, 0x1C, 0x70, 0x1C, 0x70,
  0x3F, 0xF8, 0x3F, 0xF8, 0x3F, 0xF8, 0x70, 0x1C, 0x70, 0x1C, 0x70, 0x1C, 0xE0, 0x0E, 0x00, 0x00, 0x03, 0x80,
  0x03, 0x80, 0x03, 0x80, 0x00, 0x00, 0x00, 0x00, 0x00, 0x00, 0x00, 0x00, 0x07, 0x00, 0x0F, 0x80, 0x0D, 0x80,
  0x18, 0xC0, 0x00, 0x00, 0x00, 0x00, 0x1F, 0x80, 0x3F, 0xC0, 0x60, 0xE0, 0x00, 0xE0, 0x03, 0xE0, 0x1F, 0xE0,
  0x3C, 0xE0, 0x70, 0xE0, 0x70, 0xE0, 0x71, 0xE0, 0x3F, 0xE0, 0x1E, 0x70, 0x00, 0x00, 0x07, 0x00, 0x07, 0x00,
  0x07, 0x00, 0x00, 0x00, 0x00, 0xC0, 0x01, 0x80, 0x04, 0x60, 0x03, 0xC0, 0x00, 0x00, 0x07, 0xC0, 0x07, 0xC0,
  0x07, 0xC0, 0x0E, 0xE0, 0x0E, 0xE0, 0x0E, 0xE0, 0x1C, 0x70, 0x1C, 0x70, 0x1C, 0x70, 0x3F, 0xF8, 0x3F, 0xF8,
  0x3F, 0xF8, 0x70, 0x1C, 0x70, 0x1C, 0x70, 0x1C, 0xE0, 0x0E, 0x00, 0x00, 0x00, 0x00, 0x00, 0x00, 0x00, 0x00,
  0x00, 0x00, 0x01, 0xC0, 0x03, 0x80, 0x07, 0x00, 0x00, 0x00, 0x18, 0xC0, 0x18, 0xC0, 0x0F, 0x80, 0x07, 0x00,
  0x00, 0x00, 0x1F, 0x80, 0x3F, 0xC0, 0x60, 0xE0, 0x00, 0xE0, 0x03, 0xE0, 0x1F, 0xE0, 0x3C, 0xE0, 0x70, 0xE0,
  0x70, 0xE0, 0x71, 0xE0, 0x3F, 0xE0, 0x1E, 0x70, 0x00, 0x00, 0x00, 0x00, 0x00, 0x00, 0x00, 0x00, 0x00, 0x00,
  0x03, 0x00, 0x01, 0x80, 0x04, 0x60, 0x03, 0xC0, 0x00, 0x00, 0x07, 0xC0, 0x07, 0xC0, 0x07, 0xC0, 0x0E, 0xE0,
  0x0E, 0xE0, 0x0E, 0xE0, 0x1C, 0x70, 0x1C, 0x70, 0x1C, 0x70, 0x3F, 0xF8, 0x3F, 0xF8, 0x3F, 0xF8, 0x70, 0x1C,
  0x70, 0x1C, 0x70, 0x1C, 0xE0, 0x0E, 0x00, 0x00, 0x00, 0x00, 0x00, 0x00, 0x00, 0x00, 0x00, 0x00, 0x1C, 0x00,
  0x0E, 0x00, 0x07, 0x00, 0x00, 0x00, 0x18, 0xC0, 0x18, 0xC0, 0x0F, 0x80, 0x07, 0x00, 0x00, 0x00, 0x1F, 0x80,
  0x3F, 0xC0, 0x60, 0xE0, 0x00, 0xE0, 0x03, 0xE0, 0x1F, 0xE0, 0x3C, 0xE0, 0x70, 0xE0, 0x70, 0xE0, 0x71, 0xE0,
  0x3F, 0xE0, 0x1E, 0x70, 0x00, 0x00, 0x00, 0x00, 0x00, 0x00, 0x00, 0x00, 0x00, 0x00, 0x03, 0x80, 0x01, 0x80,
  0x04, 0x60, 0x03, 0xC0, 0x00, 0x00, 0x07, 0xC0, 0x07, 0xC0, 0x07, 0xC0, 0x0E, 0xE0, 0x0E, 0xE0, 0x0E, 0xE0,
  0x1C, 0x70, 0x1C, 0x70, 0x1C, 0x70, 0x3F, 0xF8, 0x3F, 0xF8, 0x3F, 0xF8, 0x70, 0x1C, 0x70, 0x1C, 0x70, 0x1C,
  0xE0, 0x0E, 0x00, 0x00, 0x00, 0x00, 0x00, 0x00, 0x00, 0x00, 0x00, 0x00, 0x07, 0x80, 0x01, 0x80, 0x02, 0x00,
  0x00, 0x00, 0x18, 0xC0, 0x18, 0xC0, 0x0F, 0x80, 0x07, 0x00, 0x00, 0x00, 0x1F, 0x80, 0x3F, 0xC0, 0x60, 0xE0,
  0x00, 0xE0, 0x03, 0xE0, 0x1F, 0xE0, 0x3C, 0xE0, 0x70, 0xE0, 0x70, 0xE0, 0x71, 0xE0, 0x3F, 0xE0, 0x1E, 0x70,
  0x00, 0x00, 0x00, 0x00, 0x00, 0x00, 0x00, 0x00, 0x00, 0x00, 0x07, 0x20, 0x0C, 0xE0, 0x04, 0x60, 0x03, 0xC0,
  0x00, 0x00, 0x07, 0xC0, 0x07, 0xC0, 0x07, 0xC0, 0x0E, 0xE0, 0x0E, 0xE0, 0x0E, 0xE0, 0x1C, 0x70, 0x1C, 0x70,
  0x1C, 0x70, 0x3F, 0xF8, 0x3F, 0xF8, 0x3F, 0xF8, 0x70, 0x1C, 0x70, 0x1C, 0x70, 0x1C, 0xE0, 0x0E, 0x00, 0x00,
  0x00, 0x00, 0x00, 0x00, 0x00, 0x00, 0x00, 0x00, 0x0E, 0xC0, 0x0F, 0xC0, 0x19, 0xC0, 0x00, 0x00, 0x18, 0xC0,
  0x18, 0xC0, 0x0F, 0x80, 0x07, 0x00, 0x00, 0x00, 0x1F, 0x80, 0x3F, 0xC0, 0x60, 0xE0, 0x00, 0xE0, 0x03, 0xE0,
  0x1F, 0xE0, 0x3C, 0xE0, 0x70, 0xE0, 0x70, 0xE0, 0x71, 0xE0, 0x3F, 0xE0, 0x1E, 0x70, 0x00, 0x00, 0x00, 0x00,
  0x00, 0x00, 0x00, 0x00, 0x00, 0x00, 0x00, 0x00, 0x00, 0x00, 0x04, 0x60, 0x03, 0xC0, 0x00, 0x00, 0x07, 0xC0,
  0x07, 0xC0, 0x07, 0xC0, 0x0E, 0xE0, 0x0E, 0xE0, 0x0E, 0xE0, 0x1C, 0x70, 0x1C, 0x70, 0x1C, 0x70, 0x3F, 0xF8,
  0x3F, 0xF8, 0x3F, 0xF8, 0x70, 0x1C, 0x70, 0x1C, 0x70, 0x1C, 0xE0, 0x0E, 0x00, 0x00, 0x03, 0x80, 0x03, 0x80,
  0x03, 0x80, 0x00, 0x00, 0x00, 0x00, 0x00, 0x00, 0x00, 0x00, 0x18, 0xC0, 0x18, 0xC0, 0x0F, 0x80, 0x07, 0x00,
  0x00, 0x00, 0x00, 0x00, 0x1F, 0x80, 0x3F, 0xC0, 0x60, 0xE0, 0x00, 0xE0, 0x03, 0xE0, 0x1F, 0xE0, 0x3C, 0xE0,
  0x70, 0xE0, 0x70, 0xE0, 0x71, 0xE0, 0x3F, 0xE0, 0x1E, 0x70, 0x00, 0x00, 0x07, 0x00, 0x07, 0x00, 0x07, 0x00,
  0x00, 0x00, 0x00, 0x00, 0x00, 0x00, 0x00, 0x00, 0x00, 0x00, 0x00, 0x00, 0x3F, 0xFC, 0x3F, 0xFC, 0x3F, 0xFC,
  0x38, 0x00, 0x38, 0x00, 0x38, 0x00, 0x3F, 0xF8, 0x3F, 0xF8, 0x3F, 0xF8, 0x38, 0x00, 0x38, 0x00, 0x38, 0x00,
  0x38, 0x00, 0x3F, 0xFC, 0x3F, 0xFC, 0x3F, 0xFC, 0x00, 0x00, 0x01, 0xC0, 0x01, 0xC0, 0x01, 0xC0, 0x00, 0x00,
  0x00, 0x00, 0x00, 0x00, 0x00, 0x00, 0x00, 0x00, 0x00, 0x00, 0x00, 0x00, 0x00, 0x00, 0x00, 0x00, 0x00, 0x00,
  0x0F, 0x00, 0x3F, 0xC0, 0x39, 0xC0, 0x70, 0xE0, 0x70, 0xE0, 0x7F, 0xE0, 0x7F, 0xE0, 0x70, 0x00, 0x70, 0xE0,
  0x39, 0xC0, 0x3F, 0xC0, 0x0F, 0x00, 0x00, 0x00, 0x0E, 0x00, 0x0E, 0x00, 0x0E, 0x00, 0x00, 0x00, 0x03, 0xC0,
  0x00, 0xC0, 0x01, 0x00, 0x00, 0x00, 0x00, 0x00, 0x3F, 0xFC, 0x3F, 0xFC, 0x3F, 0xFC, 0x38, 0x00, 0x38, 0x00,
  0x38, 0x00, 0x3F, 0xF8, 0x3F, 0xF8, 0x3F, 0xF8, 0x38, 0x00, 0x38, 0x00, 0x38, 0x00, 0x38, 0x00, 0x3F, 0xFC,
  0x3F, 0xFC, 0x3F, 0xFC, 0x00, 0x00, 0x00, 0x00, 0x00, 0x00, 0x00, 0x00, 0x00, 0x00, 0x00, 0x00, 0x00, 0x00,
  0x00, 0x00, 0x0F, 0x00, 0x03, 0x00, 0x04, 0x00, 0x00, 0x00, 0x00, 0x00, 0x0F, 0x00, 0x3F, 0xC0, 0x39, 0xC0,
  0x70, 0xE0, 0x70, 0xE0, 0x7F, 0xE0, 0x7F, 0xE0, 0x70, 0x00, 0x70, 0xE0, 0x39, 0xC0, 0x3F, 0xC0, 0x0F, 0x00,
  0x00, 0x00, 0x00, 0x00, 0x00, 0x00, 0x00, 0x00, 0x00, 0x00, 0x00, 0x00, 0x00, 0x00, 0x07, 0x30, 0x07, 0xF0,
  0x06, 0x60, 0x00, 0x00, 0x3F, 0xFC, 0x3F, 0xFC, 0x3F, 0xFC, 0x38, 0x00, 0x38, 0x00, 0x38, 0x00, 0x3F, 0xF8,
  0x3F, 0xF8, 0x3F, 0xF8, 0x38, 0x00, 0x38, 0x00, 0x38, 0x00, 0x38, 0x00, 0x3F, 0xFC, 0x3F, 0xFC, 0x3F, 0xFC,
  0x00, 0x00, 0x00, 0x00, 0x00, 0x00, 0x00, 0x00, 0x00, 0x00, 0x00, 0x00, 0x00, 0x00, 0x00, 0x00, 0x00, 0x00,
  0x1C, 0xC0, 0x1F, 0xC0, 0x19, 0x80, 0x00, 0x00, 0x00, 0x00, 0x0F, 0x00, 0x3F, 0xC0, 0x39, 0xC0, 0x70, 0xE0,
  0x70, 0xE0, 0x7F, 0xE0, 0x7F, 0xE0, 0x70, 0x00, 0x70, 0xE0, 0x39, 0xC0, 0x3F, 0xC0, 0x0F, 0x00, 0x00, 0x00,
  0x00, 0x00, 0x00, 0x00, 0x00, 0x00, 0x00, 0x00, 0x00, 0xC0, 0x01, 0x80, 0x01, 0xC0, 0x06, 0x60, 0x00, 0x00,
  0x3F, 0xFC, 0x3F, 0xFC, 0x3F, 0xFC, 0x38, 0x00, 0x38, 0x00, 0x38, 0x00, 0x3F, 0xF8, 0x3F, 0xF8, 0x3F, 0xF8,
  0x38, 0x00, 0x38, 0x00, 0x38, 0x00, 0x38, 0x00, 0x3F, 0xFC, 0x3F, 0xFC, 0x3F, 0xFC, 0x00, 0x00, 0x00, 0x00,
  0x00, 0x00, 0x00, 0x00, 0x00, 0x00, 0x03, 0x80, 0x07, 0x00, 0x0E, 0x00, 0x00, 0x00, 0x0E, 0x00, 0x0F, 0x00,
  0x1B, 0x00, 0x19, 0x80, 0x00, 0x00, 0x0F, 0x00, 0x3F, 0xC0, 0x39, 0xC0, 0x70, 0xE0, 0x70, 0xE0, 0x7F, 0xE0,
  0x7F, 0xE0, 0x70, 0x00, 0x70, 0xE0, 0x39, 0xC0, 0x3F, 0xC0, 0x0F, 0x00, 0x00, 0x00, 0x00, 0x00, 0x00, 0x00,
  0x00, 0x00, 0x00, 0x00, 0x03, 0x00, 0x01, 0x80, 0x01, 0xC0, 0x06, 0x60, 0x00, 0x00, 0x3F, 0xFC, 0x3F, 0xFC,
  0x3F, 0xFC, 0x38, 0x00, 0x38, 0x00, 0x38, 0x00, 0x3F, 0xF8, 0x3F, 0xF8, 0x3F, 0xF8, 0x38, 0x00, 0x38, 0x00,
  0x38, 0x00, 0x38, 0x00, 0x3F, 0xFC, 0x3F, 0xFC, 0x3F, 0xFC, 0x00, 0x00, 0x00, 0x00, 0x00, 0x00, 0x00, 0x00,
  0x00, 0x00, 0x1C, 0x00, 0x0E, 0x00, 0x07, 0x00, 0x00, 0x00, 0x0E, 0x00, 0x0F, 0x00, 0x1B, 0x00, 0x19, 0x80,
  0x00, 0x00, 0x0F, 0x00, 0x3F, 0xC0, 0x39, 0xC0, 0x70, 0xE0, 0x70, 0xE0, 0x7F, 0xE0, 0x7F, 0xE0, 0x70, 0x00,
  0x70, 0xE0, 0x39, 0xC0, 0x3F, 0xC0, 0x0F, 0x00, 0x00, 0x00, 0x00, 0x00, 0x00, 0x00, 0x00, 0x00, 0x00, 0x00,
  0x01, 0xC0, 0x00, 0xC0, 0x01, 0xC0, 0x06, 0x60, 0x00, 0x00, 0x3F, 0xFC, 0x3F, 0xFC, 0x3F, 0xFC, 0x38, 0x00,
  0x38, 0x00, 0x38, 0x00, 0x3F, 0xF8, 0x3F, 0xF8, 0x3F, 0xF8, 0x38, 0x00, 0x38, 0x00, 0x38, 0x00, 0x38, 0x00,
  0x3F, 0xFC, 0x3F, 0xFC, 0x3F, 0xFC, 0x00, 0x00, 0x00, 0x00, 0x00, 0x00, 0x00, 0x00, 0x00, 0x00, 0x07, 0x80,
  0x01, 0x80, 0x02, 0x00, 0x00, 0x00, 0x0E, 0x00, 0x0F, 0x00, 0x1B, 0x00, 0x19, 0x80, 0x00, 0x00, 0x0F, 0x00,
  0x3F, 0xC0, 0x39, 0xC0, 0x70, 0xE0, 0x70, 0xE0, 0x7F, 0xE0, 0x7F, 0xE0, 0x70, 0x00, 0x70, 0xE0, 0x39, 0xC0,
  0x3F, 0xC0, 0x0F, 0x00, 0x00, 0x00, 0x00, 0x00, 0x00, 0x00, 0x00, 0x00, 0x00, 0x00, 0x03, 0x90, 0x02, 0x70,
  0x01, 0xC0, 0x06, 0x60, 0x00, 0x00, 0x3F, 0xFC, 0x3F, 0xFC, 0x3F, 0xFC, 0x38, 0x00, 0x38, 0x00, 0x38, 0x00,
  0x3F, 0xF8, 0x3F, 0xF8, 0x3F, 0xF8, 0x38, 0x00, 0x38, 0x00, 0x38, 0x00, 0x38, 0x00, 0x3F, 0xFC, 0x3F, 0xFC,
  0x3F, 0xFC, 0x00, 0x00, 0x00, 0x00, 0x00, 0x00, 0x00, 0x00, 0x00, 0x00, 0x1D, 0x80, 0x1F, 0x80, 0x33, 0x80,
  0x00, 0x00, 0x0E, 0x00, 0x0F, 0x00, 0x1B, 0x00, 0x19, 0x80, 0x00, 0x00, 0x0F, 0x00, 0x3F, 0xC0, 0x39, 0xC0,
  0x70, 0xE0, 0x70, 0xE0, 0x7F, 0xE0, 0x7F, 0xE0, 0x70, 0x00, 0x70, 0xE0, 0x39, 0xC0, 0x3F, 0xC0, 0x0F, 0x00,
  0x00, 0x00, 0x00, 0x00, 0x00, 0x00, 0x00, 0x00, 0x00, 0x00, 0x00, 0x00, 0x00, 0x00, 0x01, 0xC0, 0x06, 0x60,
  0x00, 0x00, 0x3F, 0xFC, 0x3F, 0xFC, 0x3F, 0xFC, 0x38, 0x00, 0x38, 0x00, 0x38, 0x00, 0x3F, 0xF8, 0x3F, 0xF8,
  0x3F, 0xF8, 0x38, 0x00, 0x38, 0x00, 0x38, 0x00, 0x38, 0x00, 0x3F, 0xFC, 0x3F, 0xFC, 0x3F, 0xFC, 0x00, 0x00,
  0x01, 0xC0, 0x01, 0xC0, 0x01, 0xC0, 0x00, 0x00, 0x00, 0x00, 0x00, 0x00, 0x00, 0x00, 0x0E, 0x00, 0x0F, 0x00,
  0x1B, 0x00, 0x19, 0x80, 0x00, 0x00, 0x00, 0x00, 0x0F, 0x00, 0x3F, 0xC0, 0x39, 0xC0, 0x70, 0xE0, 0x70, 0xE0,
  0x7F, 0xE0, 0x7F, 0xE0, 0x70, 0x00, 0x70, 0xE0, 0x39, 0xC0, 0x3F, 0xC0, 0x0F, 0x00, 0x00, 0x00, 0x0E, 0x00,
  0x0E, 0x00, 0x0E, 0x00, 0x00, 0x00, 0x78, 0x18, 0x20, 0x00, 0x00, 0x70, 0x70, 0x70, 0x70, 0x70, 0x70, 0x70,
  0x70, 0x70, 0x70, 0x70, 0x70, 0x70, 0x70, 0x70, 0x70, 0x00, 0x00, 0x00, 0x00, 0x00, 0x00, 0x00, 0x00, 0x78,
  0x18, 0x20, 0x00, 0x00, 0x70, 0x70, 0x70, 0x70, 0x70, 0x70, 0x70, 0x70, 0x70, 0x70, 0x70, 0x70, 0x00, 0x00,
  0x00, 0x00, 0x00, 0x00, 0x00, 0x00, 0x00, 0x00, 0x00, 0x70, 0x70, 0x70, 0x70, 0x70, 0x70, 0x70, 0x70, 0x70,
  0x70, 0x70, 0x70, 0x70, 0x70, 0x70, 0x70, 0x00, 0x70, 0x70, 0x70, 0x00, 0x00, 0x00, 0x00, 0x00, 0x00, 0x70,
  0x70, 0x70, 0x00, 0x70, 0x70, 0x70, 0x70, 0x70, 0x70, 0x70, 0x70, 0x70, 0x70, 0x70, 0x70, 0x00, 0x70, 0x70,
  0x70, 0x00, 0x00, 0x00, 0x00, 0x00, 0x00, 0x00, 0x00, 0x00, 0x00, 0x00, 0x00, 0x00, 0x00, 0x00, 0x00, 0x07,
  0xE0, 0x00, 0x0F, 0xF8, 0x00, 0x1F, 0xFC, 0x00, 0x3C, 0x1E, 0x00, 0x38, 0x0E, 0x00, 0x70, 0x07, 0x00, 0x70,
  0x07, 0x00, 0x70, 0x07, 0x00, 0x70, 0x07, 0x00, 0x70, 0x07, 0x00, 0x70, 0x07, 0x00, 0x38, 0x0E, 0x00, 0x3C,
  0x1E, 0x00, 0x1F, 0xFC, 0x00, 0x0F, 0xF8, 0x00, 0x07, 0xF0, 0x00, 0x00, 0x00, 0x00, 0x00, 0xE0, 0x00, 0x00,
  0xE0, 0x00, 0x00, 0xE0, 0x00, 0x00, 0x00, 0x00, 0x00, 0x00, 0x00, 0x00, 0x00, 0x00, 0x00, 0x00, 0x00, 0x00,
  0x00, 0x00, 0x00, 0x00, 0x00, 0x00, 0x00, 0x00, 0x0F, 0x80, 0x3F, 0xE0, 0x38, 0xE0, 0x70, 0x70, 0x70, 0x70,
  0x70, 0x70, 0x70, 0x70, 0x70, 0x70, 0x70, 0x70, 0x38, 0xE0, 0x3F, 0xE0, 0x0F, 0x80, 0x00, 0x00, 0x07, 0x00,
  0x07, 0x00, 0x07, 0x00, 0x00, 0x00, 0x01, 0xE0, 0x00, 0x00, 0x20, 0x00, 0x00, 0x40, 0x00, 0x00, 0x00, 0x00,
  0x00, 0x00, 0x00, 0x07, 0xE0, 0x00, 0x0F, 0xF8, 0x00, 0x1F, 0xFC, 0x00, 0x3C, 0x1E, 0x00, 0x38, 0x0E, 0x00,
  0x70, 0x07, 0x00, 0x70, 0x07, 0x00, 0x70, 0x07, 0x00, 0x70, 0x07, 0x00, 0x70, 0x07, 0x00, 0x70, 0x07, 0x00,
  0x38, 0x0E, 0x00, 0x3C, 0x1E, 0x00, 0x1F, 0xFC, 0x00, 0x0F, 0xF8, 0x00, 0x07, 0xF0, 0x00, 0x00, 0x00, 0x00,
  0x00, 0x00, 0x00, 0x00, 0x00, 0x00, 0x00, 0x00, 0x00, 0x00, 0x00, 0x00, 0x00, 0x00, 0x00, 0x00, 0x00, 0x00,
  0x07, 0x00, 0x01, 0x80, 0x02, 0x00, 0x00, 0x00, 0x00, 0x00, 0x0F, 0x80, 0x3F, 0xE0, 0x38, 0xE0, 0x70, 0x70,
  0x70, 0x70, 0x70, 0x70, 0x70, 0x70, 0x70, 0x70, 0x70, 0x70, 0x38, 0xE0, 0x3F, 0xE0, 0x0F, 0x80, 0x00, 0x00,
  0x00, 0x00, 0x00, 0x00, 0x00, 0x00, 0x00, 0x00, 0x00, 0x00, 0x00, 0x60, 0x00, 0x00, 0xC0, 0x00, 0x01, 0xE0,
  0x00, 0x03, 0x30, 0x00, 0x00, 0x00, 0x00, 0x07, 0xE0, 0x00, 0x0F, 0xF8, 0x00, 0x1F, 0xFC, 0x00, 0x3C, 0x1E,
  0x00, 0x38, 0x0E, 0x00, 0x70, 0x07, 0x00, 0x70, 0x07, 0x00, 0x70, 0x07, 0x00, 0x70, 0x07, 0x00, 0x70, 0x07,
  0x00, 0x70, 0x07, 0x00, 0x38, 0x0E, 0x00, 0x3C, 0x1E, 0x00, 0x1F, 0xFC, 0x00, 0x0F, 0xF8, 0x00, 0x07, 0xF0,
  0x00, 0x00, 0x00, 0x00, 0x00, 0x00, 0x00, 0x00, 0x00, 0x00, 0x00, 0x00, 0x00, 0x00, 0x00, 0x00, 0x01, 0xC0,
  0x03, 0x80, 0x07, 0x00, 0x00, 0x00, 0x07, 0x00, 0x0F, 0x80, 0x0D, 0x80, 0x18, 0xC0, 0x00, 0x00, 0x0F, 0x80,
  0x3F, 0xE0, 0x38, 0xE0, 0x70, 0x70, 0x70, 0x70, 0x70, 0x70, 0x70, 0x70, 0x70, 0x70, 0x70, 0x70, 0x38, 0xE0,
  0x3F, 0xE0, 0x0F, 0x80, 0x00, 0x00, 0x00, 0x00, 0x00, 0x00, 0x00, 0x00, 0x00, 0x00, 0x01, 0x80, 0x00, 0x00,
  0xC0, 0x00, 0x01, 0xE0, 0x00, 0x03, 0x30, 0x00, 0x00, 0x00, 0x00, 0x07, 0xE0, 0x00, 0x0F, 0xF8, 0x00, 0x1F,
  0xFC, 0x00, 0x3C, 0x1E, 0x00, 0x38, 0x0E, 0x00, 0x70, 0x07, 0x00, 0x70, 0x07, 0x00, 0x70, 0x07, 0x00, 0x70,
  0x07, 0x00, 0x70, 0x07, 0x00, 0x70, 0x07, 0x00, 0x38, 0x0E, 0x00, 0x3C, 0x1E, 0x00, 0x1F, 0xFC, 0x00, 0x0F,
  0xF8, 0x00, 0x07, 0xF0, 0x00, 0x00, 0x00, 0x00, 0x00, 0x00, 0x00, 0x00, 0x00, 0x00, 0x00, 0x00, 0x00, 0x00,
  0x00, 0x00, 0x0E, 0x00, 0x07, 0x00, 0x03, 0x80, 0x00, 0x00, 0x07, 0x00, 0x0F, 0x80, 0x0D, 0x80, 0x18, 0xC0,
  0x00, 0x00, 0x0F, 0x80, 0x3F, 0xE0, 0x38, 0xE0, 0x70, 0x70, 0x70, 0x70, 0x70, 0x70, 0x70, 0x70, 0x70, 0x70,
  0x70, 0x70, 0x38, 0xE0, 0x3F, 0xE0, 0x0F, 0x80, 0x00, 0x00, 0x00, 0x00, 0x00, 0x00, 0x00, 0x00, 0x00, 0x00,
  0x00, 0xE0, 0x00, 0x00, 0x40, 0x00, 0x01, 0xE0, 0x00, 0x03, 0x30, 0x00, 0x00, 0x00, 0x00, 0x07, 0xE0, 0x00,
  0x0F, 0xF8, 0x00, 0x1F, 0xFC, 0x00, 0x3C, 0x1E, 0x00, 0x38, 0x0E, 0x00, 0x70, 0x07, 0x00, 0x70, 0x07, 0x00,
  0x70, 0x07, 0x00, 0x70, 0x07, 0x00, 0x70, 0x07, 0x00, 0x70, 0x07, 0x00, 0x38, 0x0E, 0x00, 0x3C, 0x1E, 0x00,
  0x1F, 0xFC, 0x00, 0x0F, 0xF8, 0x00, 0x07, 0xF0, 0x00, 0x00, 0x00, 0x00, 0x00, 0x00, 0x00, 0x00, 0x00, 0x00,
  0x00, 0x00, 0x00, 0x00, 0x00, 0x00, 0x03, 0x80, 0x00, 0xC0, 0x01, 0x00, 0x00, 0x00, 0x07, 0x00, 0x0F, 0x80,
  0x0D, 0x80, 0x18, 0xC0, 0x00, 0x00, 0x0F, 0x80, 0x3F, 0xE0, 0x38, 0xE0, 0x70, 0x70, 0x70, 0x70, 0x70, 0x70,
  0x70, 0x70, 0x70, 0x70, 0x70, 0x70, 0x38, 0xE0, 0x3F, 0xE0, 0x0F, 0x80, 0x00, 0x00, 0x00, 0x00, 0x00, 0x00,
  0x00, 0x00, 0x00, 0x00, 0x01, 0xC8, 0x00, 0x02, 0x38, 0x00, 0x01, 0xE0, 0x00, 0x03, 0x30, 0x00, 0x00, 0x00,
  0x00, 0x07, 0xE0, 0x00, 0x0F, 0xF8, 0x00, 0x1F, 0xFC, 0x00, 0x3C, 0x1E, 0x00, 0x38, 0x0E, 0x00, 0x70, 0x07,
  0x00, 0x70, 0x07, 0x00, 0x70, 0x07, 0x00, 0x70, 0x07, 0x00, 0x70, 0x07, 0x00, 0x70, 0x07, 0x00, 0x38, 0x0E,
  0x00, 0x3C, 0x1E, 0x00, 0x1F, 0xFC, 0x00, 0x0F, 0xF8, 0x00, 0x07, 0xF0, 0x00, 0x00, 0x00, 0x00, 0x00, 0x00,
  0x00, 0x00, 0x00, 0x00, 0x00, 0x00, 0x00, 0x00, 0x00, 0x00, 0x0C, 0xC0, 0x1F, 0xC0, 0x19, 0x80, 0x00, 0x00,
  0x07, 0x00, 0x0F, 0x80, 0x0D, 0x80, 0x18, 0xC0, 0x00, 0x00, 0x0F, 0x80, 0x3F, 0xE0, 0x38, 0xE0, 0x70, 0x70,
  0x70, 0x70, 0x70, 0x70, 0x70, 0x70, 0x70, 0x70, 0x70, 0x70, 0x38, 0xE0, 0x3F, 0xE0, 0x0F, 0x80, 0x00, 0x00,
  0x00, 0x00, 0x00, 0x00, 0x00, 0x00, 0x00, 0x00, 0x00, 0x00, 0x00, 0x00, 0x00, 0x00, 0x01, 0xE0, 0x00, 0x03,
  0x30, 0x00, 0x00, 0x00, 0x00, 0x07, 0xE0, 0x00, 0x0F, 0xF8, 0x00, 0x1F, 0xFC, 0x00, 0x3C, 0x1E, 0x00, 0x38,
  0x0E, 0x00, 0x70, 0x07, 0x00, 0x70, 0x07, 0x00, 0x70, 0x07, 0x00, 0x70, 0x07, 0x00, 0x70, 0x07, 0x00, 0x70,
  0x07, 0x00, 0x38, 0x0E, 0x00, 0x3C, 0x1E, 0x00, 0x1F, 0xFC, 0x00, 0x0F, 0xF8, 0x00, 0x07, 0xF0, 0x00, 0x00,
  0x00, 0x00, 0x00, 0xE0, 0x00, 0x00, 0xE0, 0x00, 0x00, 0xE0, 0x00, 0x00, 0x00, 0x00, 0x00, 0x00, 0x00, 0x00,
  0x00, 0x00, 0x07, 0x00, 0x0F, 0x80, 0x0D, 0x80, 0x18, 0xC0, 0x00, 0x00, 0x00, 0x00, 0x0F, 0x80, 0x3F, 0xE0,
  0x38, 0xE0, 0x70, 0x70, 0x70, 0x70, 0x70, 0x70, 0x70, 0x70, 0x70, 0x70, 0x70, 0x70, 0x38, 0xE0, 0x3F, 0xE0,
  0x0F, 0x80, 0x00, 0x00, 0x07, 0x00, 0x07, 0x00, 0x07, 0x00, 0x00, 0x00, 0x00, 0x00, 0x00, 0x00, 0xE0, 0x00,
  0x01, 0xC0, 0x00, 0x03, 0x80, 0x00, 0x00, 0x00, 0x00, 0x07, 0xF0, 0xE0, 0x0F, 0xF8, 0xE0, 0x1F, 0xFC, 0xE0,
  0x3C, 0x1E, 0x20, 0x38, 0x0F, 0x40, 0x70, 0x07, 0x80, 0x70, 0x07, 0x00, 0x70, 0x07, 0x00, 0x70, 0x07, 0x00,
  0x70, 0x07, 0x00, 0x70, 0x07, 0x00, 0x38, 0x0E, 0x00, 0x3C, 0x1E, 0x00, 0x1F, 0xFC, 0x00, 0x0F, 0xF8, 0x00,
  0x07, 0xE0, 0x00, 0x00, 0x00, 0x00, 0x00, 0x00, 0x00, 0x00, 0x00, 0x00, 0x00, 0x00, 0x00, 0x00, 0x00, 0x00,
  0x00, 0x00, 0x00, 0x00, 0x00, 0x00, 0x00, 0x00, 0x01, 0xC0, 0x03, 0x80, 0x07, 0x00, 0x00, 0x00, 0x00, 0x00,
  0x0F, 0x87, 0x3F, 0xE7, 0x38, 0xE7, 0x70, 0x71, 0x70, 0x72, 0x70, 0x7C, 0x70, 0x70, 0x70, 0x70, 0x70, 0x70,
  0x38, 0xE0, 0x3F, 0xE0, 0x0F, 0x80, 0x00, 0x00, 0x00, 0x00, 0x00, 0x00, 0x00, 0x00, 0x00, 0x00, 0x00, 0x00,
  0x00, 0x03, 0x80, 0x00, 0x01, 0xC0, 0x00, 0x00, 0xE0, 0x00, 0x00, 0x00, 0x00, 0x07, 0xF0, 0xE0, 0x0F, 0xF8,
  0xE0, 0x1F, 0xFC, 0xE0, 0x3C, 0x1E, 0x20, 0x38, 0x0F, 0x40, 0x70, 0x07, 0x80, 0x70, 0x07, 0x00, 0x70, 0x07,
  0x00, 0x70, 0x07, 0x00, 0x70, 0x07, 0x00, 0x70, 0x07, 0x00, 0x38, 0x0E, 0x00, 0x3C, 0x1E, 0x00, 0x1F, 0xFC,
  0x00, 0x0F, 0xF8, 0x00, 0x07, 0xE0, 0x00, 0x00, 0x00, 0x00, 0x00, 0x00, 0x00, 0x00, 0x00, 0x00, 0x00, 0x00,
  0x00, 0x00, 0x00, 0x00, 0x00, 0x00, 0x00, 0x00, 0x00, 0x00, 0x00, 0x00, 0x0E, 0x00, 0x07, 0x00, 0x03, 0x80,
  0x00, 0x00, 0x00, 0x00, 0x0F, 0x87, 0x3F, 0xE7, 0x38, 0xE7, 0x70, 0x71, 0x70, 0x72, 0x70, 0x7C, 0x70, 0x70,
  0x70, 0x70, 0x70, 0x70, 0x38, 0xE0, 0x3F, 0xE0, 0x0F, 0x80, 0x00, 0x00, 0x00, 0x00, 0x00, 0x00, 0x00, 0x00,
  0x00, 0x00, 0x01, 0xE0, 0x00, 0x00, 0x20, 0x00, 0x00, 0x40, 0x00, 0x00, 0x00, 0x00, 0x00, 0x00, 0x00, 0x07,
  0xF0, 0xE0, 0x0F, 0xF8, 0xE0, 0x1F, 0xFC, 0xE0, 0x3C, 0x1E, 0x20, 0x38, 0x0F, 0x40, 0x70, 0x07, 0x80, 0x70,
  0x07, 0x00, 0x70, 0x07, 0x00, 0x70, 0x07, 0x00, 0x70, 0x07, 0x00, 0x70, 0x07, 0x00, 0x38, 0x0E, 0x00, 0x3C,
  0x1E, 0x00, 0x1F, 0xFC, 0x00, 0x0F, 0xF8, 0x00, 0x07, 0xE0, 0x00, 0x00, 0x00, 0x00, 0x00, 0x00, 0x00, 0x00,
  0x00, 0x00, 0x00, 0x00, 0x00, 0x00, 0x00, 0x00, 0x00, 0x00, 0x00, 0x00, 0x00, 0x00, 0x03, 0x80, 0x00, 0xC0,
  0x01, 0x00, 0x00, 0x00, 0x00, 0x00, 0x0F, 0x87, 0x3F, 0xE7, 0x38, 0xE7, 0x70, 0x71, 0x70, 0x72, 0x70, 0x7C,
  0x70, 0x70, 0x70, 0x70, 0x70, 0x70, 0x38, 0xE0, 0x3F, 0xE0, 0x0F, 0x80, 0x00, 0x00, 0x00, 0x00, 0x00, 0x00,
  0x00, 0x00, 0x00, 0x00, 0x00, 0x00, 0x00, 0x00, 0x00, 0x03, 0x30, 0x00, 0x07, 0xF0, 0x00, 0x06, 0x60, 0x00,
  0x00, 0x00, 0x00, 0x07, 0xF0, 0xE0, 0x0F, 0xF8, 0xE0, 0x1F, 0xFC, 0xE0, 0x3C, 0x1E, 0x20, 0x38, 0x0F, 0x40,
  0x70, 0x07, 0x80, 0x70, 0x07, 0x00, 0x70, 0x07, 0x00, 0x70, 0x07, 0x00, 0x70, 0x07, 0x00, 0x70, 0x07, 0x00,
  0x38, 0x0E, 0x00, 0x3C, 0x1E, 0x00, 0x1F, 0xFC, 0x00, 0x0F, 0xF8, 0x00, 0x07, 0xE0, 0x00, 0x00, 0x00, 0x00,
  0x00, 0x00, 0x00, 0x00, 0x00, 0x00, 0x00, 0x00, 0x00, 0x00, 0x00, 0x00, 0x00, 0x00, 0x00, 0x00, 0x00, 0x00,
  0x00, 0x00, 0x0C, 0xC0, 0x1F, 0xC0, 0x19, 0xC0, 0x00, 0x00, 0x00, 0x00, 0x0F, 0x87, 0x3F, 0xE7, 0x38, 0xE7,
  0x70, 0x71, 0x70, 0x72, 0x70, 0x7C, 0x70, 0x70, 0x70, 0x70, 0x70, 0x70, 0x38, 0xE0, 0x3F, 0xE0, 0x0F, 0x80,
  0x00, 0x00, 0x00, 0x00, 0x00, 0x00, 0x00, 0x00, 0x00, 0x00, 0x00, 0x00, 0x00, 0x00, 0x00, 0x00, 0x00, 0x00,
  0x00, 0x00, 0x00, 0x00, 0x00, 0x00, 0x00, 0x07, 0xF0, 0xE0, 0x0F, 0xF8, 0xE0, 0x1F, 0xFC, 0xE0, 0x3C, 0x1E,
  0x20, 0x38, 0x0F, 0x40, 0x70, 0x07, 0x80, 0x70, 0x07, 0x00, 0x70, 0x07, 0x00, 0x70, 0x07, 0x00, 0x70, 0x07,
  0x00, 0x70, 0x07, 0x00, 0x38, 0x0E, 0x00, 0x3C, 0x1E, 0x00, 0x1F, 0xFC, 0x00, 0x0F, 0xF8, 0x00, 0x07, 0xE0,
  0x00, 0x00, 0x00, 0x00, 0x00, 0xE0, 0x00, 0x00, 0xE0, 0x00, 0x00, 0xE0, 0x00, 0x00, 0x00, 0x00, 0x00, 0x00,
  0x00, 0x00, 0x00, 0x00, 0x00, 0x00, 0x00, 0x00, 0x00, 0x00, 0x00, 0x00, 0x00, 0x00, 0x00, 0x00, 0x0F, 0x87,
  0x3F, 0xE7, 0x38, 0xE7, 0x70, 0x71, 0x70, 0x72, 0x70, 0x7C, 0x70, 0x70, 0x70, 0x70, 0x70, 0x70, 0x38, 0xE0,
  0x3F, 0xE0, 0x0F, 0x80, 0x00, 0x00, 0x07, 0x00, 0x07, 0x00, 0x07, 0x00, 0x00, 0x00, 0x00, 0x00, 0x00, 0x00,
  0x00, 0x00, 0x00, 0x00, 0x00, 0x00, 0x38, 0x1C, 0x38, 0x1C, 0x38, 0x1C, 0x38, 0x1C, 0x38, 0x1C, 0x38, 0x1C,
  0x38, 0x1C, 0x38, 0x1C, 0x38, 0x1C, 0x38, 0x1C, 0x38, 0x1C, 0x38, 0x1C, 0x3C, 0x3C, 0x1F, 0xF8, 0x1F, 0xF8,
  0x07, 0xE0, 0x00, 0x00, 0x01, 0xC0, 0x01, 0xC0, 0x01, 0xC0, 0x00, 0x00, 0x00, 0x00, 0x00, 0x00, 0x00, 0x00,
  0x00, 0x00, 0x00, 0x00, 0x00, 0x00, 0x00, 0x00, 0x00, 0x00, 0x00, 0x00, 0x70, 0x70, 0x70, 0x70, 0x70, 0x70,
  0x70, 0x70, 0x70, 0x70, 0x70, 0x70, 0x70, 0x70, 0x70, 0x70, 0x70, 0x70, 0x78, 0xF0, 0x3F, 0xF0, 0x1F, 0x70,
  0x00, 0x00, 0x03, 0x80, 0x03, 0x80, 0x03, 0x80, 0x00, 0x00, 0x03, 0x80, 0x00, 0xC0, 0x01, 0x00, 0x00, 0x00,
  0x00, 0x00, 0x38, 0x1C, 0x38, 0x1C, 0x38, 0x1C, 0x38, 0x1C, 0x38, 0x1C, 0x38, 0x1C, 0x38, 0x1C, 0x38, 0x1C,
  0x38, 0x1C, 0x38, 0x1C, 0x38, 0x1C, 0x38, 0x1C, 0x3C, 0x3C, 0x1F, 0xF8, 0x1F, 0xF8, 0x07, 0xE0, 0x00, 0x00,
  0x00, 0x00, 0x00, 0x00, 0x00, 0x00, 0x00, 0x00, 0x00, 0x00, 0x00, 0x00, 0x00, 0x00, 0x07, 0x00, 0x01, 0x80,
  0x02, 0x00, 0x00, 0x00, 0x00, 0x00, 0x70, 0x70, 0x70, 0x70, 0x70, 0x70, 0x70, 0x70, 0x70, 0x70, 0x70, 0x70,
  0x70, 0x70, 0x70, 0x70, 0x70, 0x70, 0x78, 0xF0, 0x3F, 0xF0, 0x1F, 0x70, 0x00, 0x00, 0x00, 0x00, 0x00, 0x00,
  0x00, 0x00, 0x00, 0x00, 0x00, 0x00, 0x00, 0x00, 0x00, 0x00, 0xE0, 0x00, 0x01, 0xC0, 0x00, 0x03, 0x80, 0x00,
  0x00, 0x00, 0x00, 0x38, 0x1D, 0xC0, 0x38, 0x1D, 0xC0, 0x38, 0x1D, 0xC0, 0x38, 0x1C, 0x40, 0x38, 0x1C, 0x40,
  0x38, 0x1C, 0x80, 0x38, 0x1F, 0x00, 0x38, 0x1C, 0x00, 0x38, 0x1C, 0x00, 0x38, 0x1C, 0x00, 0x38, 0x1C, 0x00,
  0x38, 0x1C, 0x00, 0x3C, 0x3C, 0x00, 0x1F, 0xF8, 0x00, 0x1F, 0xF8, 0x00, 0x07, 0xE0, 0x00, 0x00, 0x00, 0x00,
  0x00, 0x00, 0x00, 0x00, 0x00, 0x00, 0x00, 0x00, 0x00, 0x00, 0x00, 0x00, 0x00, 0x00, 0x00, 0x00, 0x00, 0x00,
  0x00, 0x00, 0x01, 0xC0, 0x03, 0x80, 0x07, 0x00, 0x00, 0x00, 0x00, 0x00, 0x70, 0x77, 0x70, 0x77, 0x70, 0x77,
  0x70, 0x71, 0x70, 0x71, 0x70, 0x72, 0x70, 0x7C, 0x70, 0x70, 0x70, 0x70, 0x78, 0xF0, 0x3F, 0xF0, 0x1E, 0x70,
  0x00, 0x00, 0x00, 0x00, 0x00, 0x00, 0x00, 0x00, 0x00, 0x00, 0x00, 0x00, 0x00, 0x07, 0x00, 0x00, 0x03, 0x80,
  0x00, 0x01, 0xC0, 0x00, 0x00, 0x00, 0x00, 0x38, 0x1D, 0xC0, 0x38, 0x1D, 0xC0, 0x38, 0x1D, 0xC0, 0x38, 0x1C,
  0x40, 0x38, 0x1C, 0x40, 0x38, 0x1C, 0x80, 0x38, 0x1F, 0x00, 0x38, 0x1C, 0x00, 0x38, 0x1C, 0x00, 0x38, 0x1C,
  0x00, 0x38, 0x1C, 0x00, 0x38, 0x1C, 0x00, 0x3C, 0x3C, 0x00, 0x1F, 0xF8, 0x00, 0x1F, 0xF8, 0x00, 0x07, 0xE0,
  0x00, 0x00, 0x00, 0x00, 0x00, 0x00, 0x00, 0x00, 0x00, 0x00, 0x00, 0x00, 0x00, 0x00, 0x00, 0x00, 0x00, 0x00,
  0x00, 0x00, 0x00, 0x00, 0x00, 0x00, 0x0E, 0x00, 0x07, 0x00, 0x03, 0x80, 0x00, 0x00, 0x00, 0x00, 0x70, 0x77,
  0x70, 0x77, 0x70, 0x77, 0x70, 0x71, 0x70, 0x71, 0x70, 0x72, 0x70, 0x7C, 0x70, 0x70, 0x70, 0x70, 0x78, 0xF0,
  0x3F, 0xF0, 0x1E, 0x70, 0x00, 0x00, 0x00, 0x00, 0x00, 0x00, 0x00, 0x00, 0x00, 0x00, 0x03, 0x80, 0x00, 0x00,
  0xC0, 0x00, 0x01, 0x00, 0x00, 0x00, 0x00, 0x00, 0x00, 0x00, 0x00, 0x38, 0x1D, 0xC0, 0x38, 0x1D, 0xC0, 0x38,
  0x1D, 0xC0, 0x38, 0x1C, 0x40, 0x38, 0x1C, 0x40, 0x38, 0x1C, 0x80, 0x38, 0x1F, 0x00, 0x38, 0x1C, 0x00, 0x38,
  0x1C, 0x00, 0x38, 0x1C, 0x00, 0x38, 0x1C, 0x00, 0x38, 0x1C, 0x00, 0x3C, 0x3C, 0x00, 0x1F, 0xF8, 0x00, 0x1F,
  0xF8, 0x00, 0x07, 0xE0, 0x00, 0x00, 0x00, 0x00, 0x00, 0x00, 0x00, 0x00, 0x00, 0x00, 0x00, 0x00, 0x00, 0x00,
  0x00, 0x00, 0x00, 0x00, 0x00, 0x00, 0x00, 0x00, 0x07, 0x00, 0x01, 0x80, 0x02, 0x00, 0x00, 0x00, 0x00, 0x00,
  0x70, 0x77, 0x70, 0x77, 0x70, 0x77, 0x70, 0x71, 0x70, 0x71, 0x70, 0x72, 0x70, 0x7C, 0x70, 0x70, 0x70, 0x70,
  0x78, 0xF0, 0x3F, 0xF0, 0x1E, 0x70, 0x00, 0x00, 0x00, 0x00, 0x00, 0x00, 0x00, 0x00, 0x00, 0x00, 0x00, 0x00,
  0x00, 0x00, 0x00, 0x06, 0x60, 0x00, 0x0F, 0xE0, 0x00, 0x0C, 0xE0, 0x00, 0x00, 0x00, 0x00, 0x38, 0x1D, 0xC0,
  0x38, 0x1D, 0xC0, 0x38, 0x1D, 0xC0, 0x38, 0x1C, 0x40, 0x38, 0x1C, 0x40, 0x38, 0x1C, 0x80, 0x38, 0x1F, 0x00,
  0x38, 0x1C, 0x00, 0x38, 0x1C, 0x00, 0x38, 0x1C, 0x00, 0x38, 0x1C, 0x00, 0x38, 0x1C, 0x00, 0x3C, 0x3C, 0x00,
  0x1F, 0xF8, 0x00, 0x1F, 0xF8, 0x00, 0x07, 0xE0, 0x00, 0x00, 0x00, 0x00, 0x00, 0x00, 0x00, 0x00, 0x00, 0x00,
  0x00, 0x00, 0x00, 0x00, 0x00, 0x00, 0x00, 0x00, 0x00, 0x00, 0x00, 0x00, 0x00, 0x00, 0x0C, 0xC0, 0x1F, 0xC0,
  0x19, 0x80, 0x00, 0x00, 0x00, 0x00, 0x70, 0x77, 0x70, 0x77, 0x70, 0x77, 0x70, 0x71, 0x70, 0x71, 0x70, 0x72,
  0x70, 0x7C, 0x70, 0x70, 0x70, 0x70, 0x78, 0xF0, 0x3F, 0xF0, 0x1E, 0x70, 0x00, 0x00, 0x00, 0x00, 0x00, 0x00,
  0x00, 0x00, 0x00, 0x00, 0x00, 0x00, 0x00, 0x00, 0x00, 0x00, 0x00, 0x00, 0x00, 0x00, 0x00, 0x00, 0x00, 0x00,
  0x00, 0x38, 0x1D, 0xC0, 0x38, 0x1D, 0xC0, 0x38, 0x1D, 0xC0, 0x38, 0x1C, 0x40, 0x38, 0x1C, 0x40, 0x38, 0x1C,
  0x80, 0x38, 0x1F, 0x00, 0x38, 0x1C, 0x00, 0x38, 0x1C, 0x00, 0x38, 0x1C, 0x00, 0x38, 0x1C, 0x00, 0x38, 0x1C,
  0x00, 0x3C, 0x3C, 0x00, 0x1F, 0xF8, 0x00, 0x1F, 0xF8, 0x00, 0x07, 0xE0, 0x00, 0x00, 0x00, 0x00, 0x01, 0xC0,
  0x00, 0x01, 0xC0, 0x00, 0x01, 0xC0, 0x00, 0x00, 0x00, 0x00, 0x00, 0x00, 0x00, 0x00, 0x00, 0x00, 0x00, 0x00,
  0x00, 0x00, 0x00, 0x00, 0x00, 0x00, 0x00, 0x00, 0x00, 0x00, 0x70, 0x77, 0x70, 0x77, 0x70, 0x77, 0x70, 0x71,
  0x70, 0x71, 0x70, 0x72, 0x70, 0x7C, 0x70, 0x70, 0x70, 0x70, 0x78, 0xF0, 0x3F, 0xF0, 0x1E, 0x70, 0x00, 0x00,
  0x03, 0x80, 0x03, 0x80, 0x03, 0x80, 0x00, 0x00, 0x00, 0x00, 0x07, 0x00, 0x03, 0x80, 0x01, 0x80, 0x00, 0x00,
  0x70, 0x1C, 0x78, 0x3C, 0x38, 0x38, 0x1C, 0x70, 0x1C, 0x70, 0x0E, 0xE0, 0x0E, 0xE0, 0x07, 0xC0, 0x03, 0x80,
  0x03, 0x80, 0x03, 0x80, 0x03, 0x80, 0x03, 0x80, 0x03, 0x80, 0x03, 0x80, 0x03, 0x80, 0x00, 0x00, 0x00, 0x00,
  0x00, 0x00, 0x00, 0x00, 0x00, 0x00, 0x00, 0x00, 0x00, 0x00, 0x00, 0x00, 0x00, 0x00, 0x1C, 0x00, 0x0C, 0x00,
  0x06, 0x00, 0x00, 0x00, 0x00, 0x00, 0xE0, 0xE0, 0xE0, 0xE0, 0x71, 0xC0, 0x71, 0xC0, 0x71, 0xC0, 0x3B, 0x80,
  0x3B, 0x80, 0x3B, 0x80, 0x1F, 0x00, 0x1F, 0x00, 0x1E, 0x00, 0x0E, 0x00, 0x0E, 0x00, 0x1C, 0x00, 0x7C, 0x00,
  0x78, 0x00, 0x00, 0x00, 0x00, 0x00, 0x00, 0x00, 0x00, 0x00, 0x00, 0x00, 0x00, 0x00, 0x70, 0x1C, 0x78, 0x3C,
  0x38, 0x38, 0x1C, 0x70, 0x1C, 0x70, 0x0E, 0xE0, 0x0E, 0xE0, 0x07, 0xC0, 0x03, 0x80, 0x03, 0x80, 0x03, 0x80,
  0x03, 0x80, 0x03, 0x80, 0x03, 0x80, 0x03, 0x80, 0x03, 0x80, 0x00, 0x00, 0x01, 0xC0, 0x01, 0xC0, 0x01, 0xC0,
  0x00, 0x00, 0x00, 0x00, 0x00, 0x00, 0x00, 0x00, 0x00, 0x00, 0x00, 0x00, 0x00, 0x00, 0x00, 0x00, 0x00, 0x00,
  0x00, 0x00, 0xE0, 0xE0, 0xE0, 0xE0, 0x71, 0xC0, 0x71, 0xC0, 0x71, 0xC0, 0x3B, 0x80, 0x3B, 0x80, 0x3B, 0x80,
  0x1F, 0x00, 0x1F, 0x00, 0x1E, 0x00, 0x0E, 0x00, 0x0E, 0x00, 0x1C, 0xE0, 0x7C, 0xE0, 0x78, 0xE0, 0x00, 0x00,
  0x07, 0x80, 0x01, 0x80, 0x02, 0x00, 0x00, 0x00, 0x00, 0x00, 0x70, 0x1C, 0x78, 0x3C, 0x38, 0x38, 0x1C, 0x70,
  0x1C, 0x70, 0x0E, 0xE0, 0x0E, 0xE0, 0x07, 0xC0, 0x03, 0x80, 0x03, 0x80, 0x03, 0x80, 0x03, 0x80, 0x03, 0x80,
  0x03, 0x80, 0x03, 0x80, 0x03, 0x80, 0x00, 0x00, 0x00, 0x00, 0x00, 0x00, 0x00, 0x00, 0x00, 0x00, 0x00, 0x00,
  0x00, 0x00, 0x00, 0x00, 0x0F, 0x00, 0x03, 0x00, 0x04, 0x00, 0x00, 0x00, 0x00, 0x00, 0xE0, 0xE0, 0xE0, 0xE0,
  0x71, 0xC0, 0x71, 0xC0, 0x71, 0xC0, 0x3B, 0x80, 0x3B, 0x80, 0x3B, 0x80, 0x1F, 0x00, 0x1F, 0x00, 0x1E, 0x00,
  0x0E, 0x00, 0x0E, 0x00, 0x1C, 0x00, 0x7C, 0x00, 0x78, 0x00, 0x00, 0x00, 0x00, 0x00, 0x00, 0x00, 0x06, 0x60,
  0x0F, 0xE0, 0x0C, 0xC0, 0x00, 0x00, 0x70, 0x1C, 0x78, 0x3C, 0x38, 0x38, 0x1C, 0x70, 0x1C, 0x70, 0x0E, 0xE0,
  0x0E, 0xE0, 0x07, 0xC0, 0x03, 0x80, 0x03, 0x80, 0x03, 0x80, 0x03, 0x80, 0x03, 0x80, 0x03, 0x80, 0x03, 0x80,
  0x03, 0x80, 0x00, 0x00, 0x00, 0x00, 0x00, 0x00, 0x00, 0x00, 0x00, 0x00, 0x00, 0x00, 0x00, 0x00, 0x00, 0x00,
  0x00, 0x00, 0x1C, 0xC0, 0x1F, 0xC0, 0x19, 0x80, 0x00, 0x00, 0x00, 0x00, 0xE0, 0xE0, 0xE0, 0xE0, 0x71, 0xC0,
  0x71, 0xC0, 0x71, 0xC0, 0x3B, 0x80, 0x3B, 0x80, 0x3B, 0x80, 0x1F, 0x00, 0x1F, 0x00, 0x1E, 0x00, 0x0E, 0x00,
  0x0E, 0x00, 0x1C, 0x00, 0x7C, 0x00, 0x78, 0x00, 0x00, 0x00,
};
static const VietnameseGlyph VI_FONT_4_GLYPHS[] PROGMEM = {
  {0x0020, 0u, 6, 6, 1},
  {0x0021, 26u, 7, 7, 1},
  {0x0022, 52u, 10, 10, 2},
  {0x0023, 104u, 12, 12, 2},
  {0x0024, 156u, 12, 12, 2},
  {0x0025, 208u, 18, 18, 3},
  {0x0026, 286u, 16, 16, 2},
  {0x0027, 338u, 5, 5, 1},
  {0x0028, 364u, 7, 7, 1},
  {0x0029, 390u, 7, 7, 1},
  {0x002A, 416u, 9, 9, 2},
  {0x002B, 468u, 13, 13, 2},
  {0x002C, 520u, 6, 6, 1},
  {0x002D, 546u, 7, 7, 1},
  {0x002E, 572u, 6, 6, 1},
  {0x002F, 598u, 7, 6, 1},
  {0x0030, 624u, 12, 12, 2},
  {0x0031, 676u, 12, 12, 2},
  {0x0032, 728u, 12, 12, 2},
  {0x0033, 780u, 12, 12, 2},
  {0x0034, 832u, 12, 12, 2},
  {0x0035, 884u, 12, 12, 2},
  {0x0036, 936u, 12, 12, 2},
  {0x0037, 988u, 12, 12, 2},
  {0x0038, 1040u, 12, 12, 2},
  {0x0039, 1092u, 12, 12, 2},
  {0x003A, 1144u, 7, 7, 1},
  {0x003B, 1170u, 7, 7, 1},
  {0x003C, 1196u, 13, 13, 2},
  {0x003D, 1248u, 13, 13, 2},
  {0x003E, 1300u, 13, 13, 2},
  {0x003F, 1352u, 13, 13, 2},
  {0x0040, 1404u, 21, 21, 3},
  {0x0041, 1482u, 15, 15, 2},
  {0x0042, 1534u, 16, 16, 2},
  {0x0043, 1586u, 16, 16, 2},
  {0x0044, 1638u, 16, 16, 2},
  {0x0045, 1690u, 15, 15, 2},
  {0x0046, 1742u, 13, 13, 2},
  {0x0047, 1794u, 17, 17, 3},
  {0x0048, 1872u, 16, 16, 2},
  {0x0049, 1924u, 5, 5, 1},
  {0x004A, 1950u, 12, 12, 2},
  {0x004B, 2002u, 16, 16, 2},
  {0x004C, 2054u, 13, 13, 2},
  {0x004D, 2106u, 17, 17, 3},
  {0x004E, 2184u, 16, 16, 2},
  {0x004F, 2236u, 17, 17, 3},
  {0x0050, 2314u, 15, 15, 2},
  {0x0051, 2366u, 17, 17, 3},
  {0x0052, 2444u, 16, 16, 2},
  {0x0053, 2496u, 15, 15, 2},
  {0x0054, 2548u, 15, 15, 2},
  {0x0055, 2600u, 16, 16, 2},
  {0x0056, 2652u, 17, 15, 3},
  {0x0057, 2730u, 21, 21, 3},
  {0x0058, 2808u, 15, 15, 2},
  {0x0059, 2860u, 15, 15, 2},
  {0x005A, 2912u, 12, 12, 2},
  {0x005B, 2964u, 7, 7, 1},
  {0x005C, 2990u, 7, 6, 1},
  {0x005D, 3016u, 7, 7, 1},
  {0x005E, 3042u, 13, 13, 2},
  {0x005F, 3094u, 12, 12, 2},
  {0x0060, 3146u, 7, 7, 1},
  {0x0061, 3172u, 12, 12, 2},
  {0x0062, 3224u, 13, 13, 2},
  {0x0063, 3276u, 12, 12, 2},
  {0x0064, 3328u, 13, 13, 2},
  {0x0065, 3380u, 12, 12, 2},
  {0x0066, 3432u, 8, 7, 1},
  {0x0067, 3458u, 13, 13, 2},
  {0x0068, 3510u, 13, 13, 2},
  {0x0069, 3562u, 5, 5, 1},
  {0x006A, 3588u, 7, 6, 1},
  {0x006B, 3614u, 12, 12, 2},
  {0x006C, 3666u, 5, 5, 1},
  {0x006D, 3692u, 19, 19, 3},
  {0x006E, 3770u, 13, 13, 2},
  {0x006F, 3822u, 13, 13, 2},
  {0x0070, 3874u, 13, 13, 2},
  {0x0071, 3926u, 13, 13, 2},
  {0x0072, 3978u, 8, 8, 1},
  {0x0073, 4004u, 12, 12, 2},
  {0x0074, 4056u, 7, 7, 1},
  {0x0075, 4082u, 13, 13, 2},
  {0x0076, 4134u, 13, 13, 2},
  {0x0077, 4186u, 19, 19, 3},
  {0x0078, 4264u, 12, 12, 2},
  {0x0079, 4316u, 13, 11, 2},
  {0x007A, 4368u, 11, 11, 2},
  {0x007B, 4420u, 9, 9, 2},
  {0x007C, 4472u, 6, 6, 1},
  {0x007D, 4498u, 9, 9, 2},
  {0x007E, 4550u, 13, 13, 2},
  {0x00C0, 4602u, 15, 15, 2},
  {0x00C1, 4654u, 15, 15, 2},
  {0x00C2, 4706u, 15, 15, 2},
  {0x00C3, 4758u, 15, 15, 2},
  {0x00C8, 4810u, 15, 15, 2},
  {0x00C9, 4862u, 15, 15, 2},
  {0x00CA, 4914u, 15, 15, 2},
  {0x00CC, 4966u, 5, 5, 1},
  {0x00CD, 4992u, 5, 5, 1},
  {0x00D2, 5018u, 17, 17, 3},
  {0x00D3, 5096u, 17, 17, 3},
  {0x00D4, 5174u, 17, 17, 3},
  {0x00D5, 5252u, 17, 17, 3},
  {0x00D9, 5330u, 16, 16, 2},
  {0x00DA, 5382u, 16, 16, 2},
  {0x00DD, 5434u, 15, 15, 2},
  {0x00E0, 5486u, 12, 12, 2},
  {0x00E1, 5538u, 12, 12, 2},
  {0x00E2, 5590u, 12, 12, 2},
  {0x00E3, 5642u, 12, 12, 2},
  {0x00E8, 5694u, 12, 12, 2},
  {0x00E9, 5746u, 12, 12, 2},
  {0x00EA, 5798u, 12, 12, 2},
  {0x00EC, 5850u, 5, 5, 1},
  {0x00ED, 5876u, 5, 5, 1},
  {0x00F2, 5902u, 13, 13, 2},
  {0x00F3, 5954u, 13, 13, 2},
  {0x00F4, 6006u, 13, 13, 2},
  {0x00F5, 6058u, 13, 13, 2},
  {0x00F9, 6110u, 13, 13, 2},
  {0x00FA, 6162u, 13, 13, 2},
  {0x00FD, 6214u, 13, 11, 2},
  {0x0102, 6266u, 15, 15, 2},
  {0x0103, 6318u, 12, 12, 2},
  {0x0110, 6370u, 16, 16, 2},
  {0x0111, 6422u, 13, 13, 2},
  {0x0128, 6474u, 8, 5, 1},
  {0x0129, 6500u, 8, 5, 1},
  {0x0168, 6526u, 16, 16, 2},
  {0x0169, 6578u, 13, 13, 2},
  {0x01A0, 6630u, 19, 19, 3},
  {0x01A1, 6708u, 16, 16, 2},
  {0x01AF, 6760u, 18, 18, 3},
  {0x01B0, 6838u, 16, 16, 2},
  {0x1EA0, 6890u, 15, 15, 2},
  {0x1EA1, 6942u, 12, 12, 2},
  {0x1EA2, 6994u, 15, 15, 2},
  {0x1EA3, 7046u, 12, 12, 2},
  {0x1EA4, 7098u, 15, 15, 2},
  {0x1EA5, 7150u, 12, 12, 2},
  {0x1EA6, 7202u, 15, 15, 2},
  {0x1EA7, 7254u, 12, 12, 2},
  {0x1EA8, 7306u, 15, 15, 2},
  {0x1EA9, 7358u, 12, 12, 2},
  {0x1EAA, 7410u, 15, 15, 2},
  {0x1EAB, 7462u, 12, 12, 2},
  {0x1EAC, 7514u, 15, 15, 2},
  {0x1EAD, 7566u, 12, 12, 2},
  {0x1EAE, 7618u, 15, 15, 2},
  {0x1EAF, 7670u, 12, 12, 2},
  {0x1EB0, 7722u, 15, 15, 2},
  {0x1EB1, 7774u, 12, 12, 2},
  {0x1EB2, 7826u, 15, 15, 2},
  {0x1EB3, 7878u, 12, 12, 2},
  {0x1EB4, 7930u, 15, 15, 2},
  {0x1EB5, 7982u, 12, 12, 2},
  {0x1EB6, 8034u, 15, 15, 2},
  {0x1EB7, 8086u, 12, 12, 2},
  {0x1EB8, 8138u, 15, 15, 2},
  {0x1EB9, 8190u, 12, 12, 2},
  {0x1EBA, 8242u, 15, 15, 2},
  {0x1EBB, 8294u, 12, 12, 2},
  {0x1EBC, 8346u, 15, 15, 2},
  {0x1EBD, 8398u, 12, 12, 2},
  {0x1EBE, 8450u, 15, 15, 2},
  {0x1EBF, 8502u, 12, 12, 2},
  {0x1EC0, 8554u, 15, 15, 2},
  {0x1EC1, 8606u, 12, 12, 2},
  {0x1EC2, 8658u, 15, 15, 2},
  {0x1EC3, 8710u, 12, 12, 2},
  {0x1EC4, 8762u, 15, 15, 2},
  {0x1EC5, 8814u, 12, 12, 2},
  {0x1EC6, 8866u, 15, 15, 2},
  {0x1EC7, 8918u, 12, 12, 2},
  {0x1EC8, 8970u, 6, 5, 1},
  {0x1EC9, 8996u, 6, 5, 1},
  {0x1ECA, 9022u, 5, 5, 1},
  {0x1ECB, 9048u, 5, 5, 1},
  {0x1ECC, 9074u, 17, 17, 3},
  {0x1ECD, 9152u, 13, 13, 2},
  {0x1ECE, 9204u, 17, 17, 3},
  {0x1ECF, 9282u, 13, 13, 2},
  {0x1ED0, 9334u, 17, 17, 3},
  {0x1ED1, 9412u, 13, 13, 2},
  {0x1ED2, 9464u, 17, 17, 3},
  {0x1ED3, 9542u, 13, 13, 2},
  {0x1ED4, 9594u, 17, 17, 3},
  {0x1ED5, 9672u, 13, 13, 2},
  {0x1ED6, 9724u, 17, 17, 3},
  {0x1ED7, 9802u, 13, 13, 2},
  {0x1ED8, 9854u, 17, 17, 3},
  {0x1ED9, 9932u, 13, 13, 2},
  {0x1EDA, 9984u, 19, 19, 3},
  {0x1EDB, 10062u, 16, 16, 2},
  {0x1EDC, 10114u, 19, 19, 3},
  {0x1EDD, 10192u, 16, 16, 2},
  {0x1EDE, 10244u, 19, 19, 3},
  {0x1EDF, 10322u, 16, 16, 2},
  {0x1EE0, 10374u, 19, 19, 3},
  {0x1EE1, 10452u, 16, 16, 2},
  {0x1EE2, 10504u, 19, 19, 3},
  {0x1EE3, 10582u, 16, 16, 2},
  {0x1EE4, 10634u, 16, 16, 2},
  {0x1EE5, 10686u, 13, 13, 2},
  {0x1EE6, 10738u, 16, 16, 2},
  {0x1EE7, 10790u, 13, 13, 2},
  {0x1EE8, 10842u, 18, 18, 3},
  {0x1EE9, 10920u, 16, 16, 2},
  {0x1EEA, 10972u, 18, 18, 3},
  {0x1EEB, 11050u, 16, 16, 2},
  {0x1EEC, 11102u, 18, 18, 3},
  {0x1EED, 11180u, 16, 16, 2},
  {0x1EEE, 11232u, 18, 18, 3},
  {0x1EEF, 11310u, 16, 16, 2},
  {0x1EF0, 11362u, 18, 18, 3},
  {0x1EF1, 11440u, 16, 16, 2},
  {0x1EF2, 11492u, 15, 15, 2},
  {0x1EF3, 11544u, 13, 11, 2},
  {0x1EF4, 11596u, 15, 15, 2},
  {0x1EF5, 11648u, 13, 11, 2},
  {0x1EF6, 11700u, 15, 15, 2},
  {0x1EF7, 11752u, 13, 11, 2},
  {0x1EF8, 11804u, 15, 15, 2},
  {0x1EF9, 11856u, 13, 11, 2},
};
